work,book,n,ok,pattern,quantities,cost,alternatives,unknown_nuclei,flags,nuclei,text
Epitaphius Adonis,1,1,True,LLLSSLSSLSSLSSLL,LLLSSLSSLSSLSSLL,0.0,1,2,,αι:L:nature α:L:position ω:L:nature ο:S:nature α:S:unknown ω:L:nature ι:S:antepenult_accent α:S:lexicon ω:L:nature ε:S:nature ο:S:nature α:L:lexicon ο:S:nature α:S:unknown ω:L:nature ι:L:antepenult_accent,Αἰάζω τὸν Ἄδωνιν· ἀπώλετο καλὸς Ἄδωνις·
Epitaphius Adonis,1,2,True,LSSLSSLSSLLLSSLL,LSSLSSLSSLLLSSLL,0.0,1,1,,ω:L:nature ε:S:nature ο:S:nature α:L:lexicon ο:S:nature α:S:unknown ω:L:nature ι:S:antepenult_accent ε:S:nature αι:L:nature α:L:position ου:L:nature ι:S:antepenult_accent ε:S:nature ω:L:nature ε:L:line_final,ὤλετο καλὸς Ἄδωνις ἐπαιάζουσιν Ἔρωτες.
Epitaphius Adonis,1,3,True,LSSLSSLSSLSSLSSLL,LSSLSSLSSLSSLSSLL,0.0,1,3,,η:L:nature ε:S:nature ι:S:lexicon ο:L:position υ:S:lexicon ε:S:nature οι:L:nature ε:S:nature ι:S:lexicon α:L:unknown ε:S:nature ι:S:antepenult_accent υ:L:position ι:S:unknown α:S:unknown ευ:L:nature ε:L:line_final,μηκέτι πορφυρέοις ἐνὶ φάρεσι Κύπρι κάθευδε·
Epitaphius Adonis,1,4,True,LSSLLLSSLSSLSSLL,LSSLLLSSLSSLSSLL,0.0,1,5,,ε:L:position ε:S:nature ο:S:nature ει:L:nature αι:L:nature α:L:unknown υ:S:unknown α:S:unknown ο:L:position ο:S:nature α:S:antepenult_accent αι:L:nature+position α:S:unknown α:S:unknown η:L:nature ο:L:line_final,"ἔγρεο δειλαία, κυανόστολα καὶ πλατάγησον"
Epitaphius Adonis,1,5,True,LSSLSSLSSLSSLSSLL,LSSLSSLSSLSSLSSLL,0.0,1,1,,η:L:nature ε:S:nature α:S:lexicon αι:L:nature ε:S:nature ε:S:nature α:L:lexicon ι:S:lexicon α:S:lexicon ω:L:nature ε:S:nature ο:S:nature α:L:lexicon ο:S:nature α:S:unknown ω:L:nature ι:L:antepenult_accent,στήθεα καὶ λέγε πᾶσιν ἀπώλετο καλὸς Ἄδωνις.
Epitaphius Adonis,1,6,True,LLLSSLSSLLLSSLL,LLLSSLSSLLLSSLL,0.0,1,1,,αι:L:nature α:L:position ω:L:nature ο:S:nature α:S:unknown ω:L:nature ι:S:antepenult_accent ε:S:nature αι:L:nature α:L:position ου:L:nature ι:S:antepenult_accent ε:S:nature ω:L:nature ε:L:line_final,αἰάζω τὸν Ἄδωνιν· ἐπαιάζουσιν Ἔρωτες.
Epitaphius Adonis,1,7,True,LLLSSLSSLSSLSSLL,LLLSSLSSLSSLSSLL,0.0,1,1,,ει:L:nature αι:L:nature α:L:lexicon ο:S:nature α:S:unknown ω:L:nature ι:S:antepenult_accent ε:S:nature ω:L:nature ε:S:nature ι:S:antepenult_accent η:L:nature ο:S:nature ο:S:nature ο:L:position ι:L:line_final,"κεῖται καλὸς Ἄδωνις ἐν ὤρεσι μηρὸν ὀδόντι,"
Epitaphius Adonis,1,8,True,LLLSSLSSLLLSSLL,LLLSSLSSLLLSSLL,0.0,1,4,,ευ:L:nature ω:L:nature ευ:L:nature ο:S:nature ο:S:nature ο:L:position ι:S:unknown υ:S:unknown ει:L:nature+position αι:L:nature υ:L:paroxytone_short_ultima ι:S:lexicon α:S:unknown ι:L:unknown η:L:line_final,"λευκῷ λευκὸν ὀδόντι τυπείς, καὶ Κύπριν ἀνιῇ"
Epitaphius Adonis,1,9,True,LSSLLLSSLSSLSSLL,LSSLLLSSLSSLSSLL,0.5,1,2,correption,ε:L:position ο:S:nature α:S:unknown ο:L:position υ:L:unknown ω:L:nature+position ο:S:nature ε:S:nature οι:L:nature ε:S:nature α:S:lexicon ει:L:nature ε:S:nature αι:S:nature αι:L:nature α:L:lexicon,λεπτὸν ἀποψύχων· τὸ δέ οἱ μέλαν εἴβεται αἷμα
Epitaphius Adonis,1,10,True,LSSLSSLSSLSSLSSLL,LSSLSSLSSLSSLSSLL,0.0,1,1,,ι:L:unknown ο:S:nature ε:S:nature α:L:position α:S:lexicon α:S:lexicon α:L:position ο:S:nature υ:S:lexicon ο:L:position υ:S:lexicon ι:S:lexicon ο:L:position α:S:lexicon α:S:lexicon α:L:position η:L:line_final,"χιονέας κατὰ σαρκός, ὑπ’ ὀφρύσι δ’ ὄμματα ναρκῇ,"
Epitaphius Adonis,1,11,True,LSSLLLLLSSLSSLL,LSSLLLLLSSLSSLL,0.0,1,0,,αι:L:nature ο:S:nature ο:S:nature ο:L:position ευ:L:nature ει:L:nature ω:L:nature ει:L:nature ε:S:nature ο:S:nature α:L:position ι:S:lexicon ε:S:nature η:L:nature ω:L:line_final,καὶ τὸ ῥόδον φεύγει τῶ χείλεος· ἀμφὶ δὲ τήνῳ
Epitaphius Adonis,1,12,True,LLLSSLSSLSSLSSLL,LLLSSLSSLSSLSSLL,0.0,1,2,,α:L:nature+position ει:L:nature αι:L:nature ο:S:nature ι:S:unknown η:L:nature α:S:antepenult_accent ο:S:nature η:L:nature ο:S:nature ε:S:nature υ:L:paroxytone_short_ultima ι:S:lexicon α:S:unknown οι:L:nature ει:L:line_final,"θνᾴσκει καὶ τὸ φίλημα, τὸ μήποτε Κύπρις ἀνοίσει."
Epitaphius Adonis,1,13,True,LSSLSSLSSLLLSSLL,LSSLSSLSSLLLSSLL,0.5,1,3,correption,υ:L:position ι:S:unknown ι:S:antepenult_accent ε:L:position ο:S:nature ι:S:unknown η:L:nature α:S:antepenult_accent αι:S:nature ου:L:nature+position ω:L:nature ο:L:position ο:S:nature α:S:unknown ε:L:position ει:L:line_final,"Κύπριδι μὲν τὸ φίλημα καὶ οὐ ζώοντος ἀρέσκει,"
Epitaphius Adonis,1,14,True,LLLSSLSSLLLSSLL,LLLSSLSSLLLSSLL,0.0,1,2,,α:L:position ου:L:nature οι:L:nature ε:S:nature α:S:unknown ω:L:nature ι:S:antepenult_accent ο:S:nature ι:L:position α:L:nature+position ο:L:position ε:S:nature ι:S:unknown η:L:nature ε:L:line_final,"ἀλλ’ οὐκ οἶδεν Ἄδωνις, ὅ νιν θνᾴσκοντ’ ἐφίλησεν."
Epitaphius Adonis,1,15,True,LLLSSLSSLLLSSLL,LLLSSLSSLLLSSLL,0.0,1,1,,αι:L:nature α:L:position ω:L:nature ο:S:nature α:S:unknown ω:L:nature ι:S:antepenult_accent ε:S:nature αι:L:nature α:L:position ου:L:nature ι:S:antepenult_accent ε:S:nature ω:L:nature ε:L:line_final,αἰάζω τὸν Ἄδωνιν· ἐπαιάζουσιν Ἔρωτες.
Epitaphius Adonis,1,16,True,LSSLSSLSSLSSLSSLL,LSSLSSLSSLSSLSSLL,0.0,1,1,,α:L:position ι:S:lexicon ο:S:nature α:L:position ι:S:lexicon ο:S:nature ε:L:position ο:S:nature ε:S:nature ει:L:nature α:S:lexicon α:S:lexicon η:L:nature ο:S:nature α:S:unknown ω:L:nature ι:L:antepenult_accent,ἄγριον ἄγριον ἕλκος ἔχει κατὰ μηρὸν Ἄδωνις·
Epitaphius Adonis,1,17,True,LLLSSLSSLSSLSSLL,LLLSSLSSLSSLSSLL,0.0,1,4,,ει:L:nature+position ο:L:position α:L:unknown υ:S:unknown ε:S:nature ει:L:nature α:S:lexicon ε:S:nature ει:L:nature ο:S:nature ι:S:unknown α:L:position ι:S:unknown ο:S:nature ε:L:position ο:L:line_final,μεῖζον δ’ ἁ Κυθέρεια φέρει ποτικάρδιον ἕλκος.
Epitaphius Adonis,1,18,True,LLLSSLSSLSSLLLL,LLLSSLSSLSSLLLL,1.5,1,1,,η:L:nature ο:L:position ε:L:position ε:S:nature ι:S:lexicon αι:L:nature α:S:lexicon ι:S:lexicon οι:L:nature υ:S:lexicon ε:S:nature ω:L:nature υ:L:unknown α:L:position ο:L:line_final,τῆνον μὲν περὶ παῖδα φίλοι κύνες ὠδύραντο
Epitaphius Adonis,1,19,True,LLLLLSSLSSLSSLL,LLLLLSSLSSLSSLL,1.0,1,2,cluster_short,αι:L:nature υ:L:paroxytone_short_ultima αι:L:nature+position αι:L:nature ου:L:nature ι:S:antepenult_accent ο:S:nature ει:L:nature α:S:paroxytone_short_ultima ε:S:nature α:L:unknown α:S:position ο:S:nature ι:L:unknown α:L:line_final,καὶ Νύμφαι κλαίουσιν ὀρειάδες· ἁ δ’ Ἀφροδίτα
Epitaphius Adonis,1,20,True,LSSLSSLSSLLLSSLL,LSSLSSLSSLLLSSLL,0.0,1,4,,υ:L:unknown α:S:unknown ε:S:nature α:L:position ο:S:nature α:S:unknown ι:L:circumflex α:S:properispomenon α:S:lexicon α:L:lexicon υ:L:unknown ω:L:nature α:S:lexicon α:S:lexicon η:L:nature αι:L:line_final,λυσαμένα πλοκαμῖδας ἀνὰ δρυμὼς ἀλάληται
Epitaphius Adonis,1,21,True,LSSLLLSSLSSLSSLL,LSSLLLSSLSSLSSLL,0.0,1,4,,ε:L:position α:S:unknown ε:S:nature α:L:unknown η:L:nature+position ε:L:position ο:S:nature α:S:unknown α:L:position α:S:unknown ο:S:nature αι:L:nature ε:S:nature α:S:paroxytone_short_ultima οι:L:nature ι:L:line_final,πενθαλέα νήπλεκτος ἀσάνδαλος· αἱ δὲ βάτοι νιν
Epitaphius Adonis,1,22,True,LSSLLLSSLSSLSSLL,LSSLLLSSLSSLSSLL,1.5,1,0,correption;lexicon_overridden,ε:L:position ο:S:nature ε:S:nature α:L:position ει:L:nature ο:L:position ι:S:antepenult_accent αι:S:nature ι:L:lexicon ε:S:nature ο:S:nature αι:L:nature α:S:lexicon ε:S:nature ο:L:position αι:L:line_final,ἐρχομέναν κείροντι καὶ ἱερὸν αἷμα δρέπονται·
Epitaphius Adonis,1,23,True,LSSLLLSSLSSLSSLL,LSSLLLSSLSSLSSLL,0.0,1,1,,ο:L:position υ:S:lexicon ε:S:nature ω:L:nature υ:L:unknown ου:L:nature α:S:antepenult_accent ι:S:lexicon α:L:position ε:S:nature α:S:lexicon α:L:position α:S:lexicon ο:S:nature ει:L:nature αι:L:line_final,ὀξὺ δὲ κωκύουσα δι’ ἄγκεα μακρὰ φορεῖται
Epitaphius Adonis,1,24,True,LSSLSSLSSLLLSSLL,LSSLSSLSSLLLSSLL,0.0,1,3,,α:L:position υ:S:unknown ι:S:unknown ο:L:position ο:S:nature ο:S:nature ω:L:nature α:S:antepenult_accent ο:S:nature ι:L:lexicon αι:L:nature αι:L:nature α:S:lexicon α:S:unknown ευ:L:nature α:L:properispomenon,Ἀσσύριον βοόωσα πόσιν καὶ παῖδα καλεῦσα.
Epitaphius Adonis,1,25,True,LSSLSSLSSLSSLLLL,LSSLSSLSSLSSLLLL,1.5,1,0,,α:L:position ι:S:lexicon ε:S:nature ι:L:position ε:S:nature α:S:lexicon αι:L:nature α:S:lexicon α:S:lexicon ο:L:position α:S:lexicon ο:S:nature α:L:nature ω:L:nature ει:L:nature ο:L:line_final,"ἀμφὶ δέ νιν μέλαν αἷμα παρ’ ὀμφαλὸν ᾀωρεῖτο,"
Epitaphius Adonis,1,26,True,LSSLLLLLSSLSSLL,LSSLLLLLSSLSSLL,0.0,1,0,,η:L:nature ε:S:nature α:S:lexicon ε:L:position η:L:nature ω:L:nature+position οι:L:nature ι:L:position ε:S:nature ο:S:nature οι:L:nature υ:S:lexicon ο:S:nature α:L:position οι:L:line_final,"στήθεα δ’ ἐκ μηρῶν φοινίσσετο, τοὶ δ’ ὑπὸ μαζοὶ"
Epitaphius Adonis,1,27,True,LSSLSSLSSLSSLLLL,LSSLSSLSSLSSLLLL,1.5,1,4,,ι:L:unknown ο:S:nature ε:S:nature οι:L:nature ο:S:nature α:S:lexicon οι:L:nature ε:S:nature α:S:unknown ω:L:nature ι:S:unknown ι:S:antepenult_accent ο:L:position υ:L:unknown ο:L:position ο:L:line_final,χιόνεοι τὸ πάροιθεν Ἀδώνιδι πορφύροντο.
Epitaphius Adonis,1,28,True,LLLSSLSSLLLSSLL,LLLSSLSSLLLSSLL,0.0,1,1,,αι:L:nature αι:L:nature α:L:position υ:S:unknown ε:S:nature ει:L:nature α:S:lexicon ε:S:nature αι:L:nature α:L:position ου:L:nature ι:S:antepenult_accent ε:S:nature ω:L:nature ε:L:line_final,αἰαῖ τὰν Κυθέρειαν ἐπαιάζουσιν Ἔρωτες.
Epitaphius Adonis,1,29,True,LSSLSSLSSLSSLSSLL,LSSLSSLSSLSSLSSLL,1.0,1,1,lexicon_overridden,ω:L:nature ε:S:nature ε:S:nature ο:L:position α:S:lexicon ο:S:nature α:L:lexicon α:S:lexicon υ:S:unknown ω:L:nature ε:S:nature ε:S:nature ι:L:lexicon ε:S:nature ο:S:nature ει:L:nature ο:L:line_final,"ὤλεσε τὸν καλὸν ἄνδρα, συνώλεσεν ἱερὸν εἶδος."
Epitaphius Adonis,1,30,True,LSSLSSLSSLLLSSLL,LSSLSSLSSLLLSSLL,1.0,1,2,lexicon_overridden,υ:L:position ι:S:unknown ι:S:antepenult_accent ε:L:position α:S:lexicon ο:S:nature ει:L:nature ο:S:nature ο:S:nature ε:L:position ω:L:nature ε:L:position ε:S:nature α:S:unknown ω:L:nature ι:L:antepenult_accent,"Κύπριδι μὲν καλὸν εἶδος, ὅτε ζώεσκεν Ἄδωνις·"
Epitaphius Adonis,1,31,True,LSSLLLSSLSSLSSLL,LSSLLLSSLSSLSSLL,1.0,1,4,override,α:L:lexicon α:S:lexicon ε:S:nature α:L:unknown ο:L:position α:L:unknown υ:S:lexicon α:S:unknown ω:L:nature ι:S:unknown ι:S:antepenult_accent α:L:position υ:S:paroxytone_short_ultima ι:S:lexicon αι:L:nature αι:L:line_final,κάτθανε δ’ ἁ μορφὰ σὺν Ἀδώνιδι. τὰν Κύπριν αἰαῖ
Epitaphius Adonis,1,32,True,LSSLSSLSSLSSLSSLL,LSSLSSLSSLSSLSSLL,0.5,1,1,correption,ω:L:nature ε:S:nature α:S:antepenult_accent α:L:lexicon α:S:lexicon ε:S:nature ο:L:position ι:S:antepenult_accent αι:S:nature αι:L:nature+position υ:S:lexicon ε:S:nature αι:L:nature ο:S:nature α:S:unknown ω:L:nature ι:L:antepenult_accent,"ὤρεα πάντα λέγοντι, καὶ αἱ δρύες αἲ τὸν Ἄδωνιν."
Epitaphius Adonis,1,33,True,LSSLLLSSLSSLSSLL,LSSLLLSSLSSLSSLL,1.0,1,1,cluster_short,αι:L:nature ο:S:nature α:S:lexicon οι:L:nature+position αι:L:nature ου:L:nature ι:S:antepenult_accent α:S:lexicon ε:L:position ε:S:nature α:S:antepenult_accent α:L:circumflex α:S:position ο:S:nature ι:L:unknown α:L:line_final,"καὶ ποταμοὶ κλαίουσι τὰ πένθεα τᾶς Ἀφροδίτας,"
Epitaphius Adonis,1,34,True,LLLSSLSSLSSLLLL,LLLSSLSSLSSLLLL,1.5,1,3,,αι:L:nature α:L:unknown αι:L:nature ο:S:nature α:S:unknown ω:L:nature ι:S:antepenult_accent ε:S:nature ω:L:nature ε:S:nature ι:S:antepenult_accent α:L:position υ:L:unknown ο:L:position ι:L:antepenult_accent,"καὶ παγαὶ τὸν Ἄδωνιν ἐν ὤρεσι δακρύοντι,"
Epitaphius Adonis,1,35,True,LSSLSSLSSLSSLSSLL,LSSLSSLSSLSSLSSLL,0.5,1,3,correption,α:L:position ε:S:nature α:S:lexicon ε:L:position ο:S:nature υ:S:lexicon α:L:lexicon ε:S:nature υ:S:unknown αι:L:nature ε:S:nature αι:S:nature α:L:unknown ε:S:nature υ:S:unknown η:L:nature α:L:line_final,ἄνθεα δ’ ἐξ ὀδύνας ἐρυθαίνεται· ἁ δὲ Κυθήρα
Epitaphius Adonis,1,36,True,LSSLLLSSLSSLSSLL,LSSLLLSSLSSLSSLL,0.0,1,2,,α:L:lexicon α:S:lexicon α:S:lexicon α:L:lexicon α:L:unknown ω:L:nature α:S:lexicon α:S:lexicon α:L:lexicon α:S:paroxytone_short_ultima ο:S:nature οι:L:nature+position ο:S:nature α:S:unknown ει:L:nature ει:L:line_final,"πάντας ἀνὰ κναμώς, ἀνὰ πᾶν νάπος οἰκτρὸν ἀείδει"
Epitaphius Adonis,1,37,True,LLLSSLSSLSSLSSLL,LLLSSLSSLSSLSSLL,0.0,1,2,,αι:L:nature αι:L:nature α:L:position υ:S:unknown ε:S:nature ει:L:nature α:S:lexicon α:S:lexicon ω:L:nature ε:S:nature ο:S:nature α:L:lexicon ο:S:nature α:S:unknown ω:L:nature ι:L:antepenult_accent,"αἰαῖ τὰν Κυθέρειαν, ἀπώλετο καλὸς Ἄδωνις."
Epitaphius Adonis,1,38,True,LLLSSLSSLSSLSSLL,LLLSSLSSLSSLSSLL,0.0,1,3,,α:L:unknown ω:L:nature α:L:position ε:S:nature ο:S:nature α:L:unknown ε:S:nature α:S:lexicon ω:L:nature ε:S:nature ο:S:nature α:L:lexicon ο:S:nature α:S:unknown ω:L:nature ι:L:antepenult_accent,Ἀχὼ δ’ ἀντεβόασεν ἀπώλετο καλὸς Ἄδωνις.
Epitaphius Adonis,1,39,True,LSSLSSLSSLLLSSLL,LSSLSSLSSLLLSSLL,0.0,1,1,,υ:L:position ι:S:unknown ο:S:nature αι:L:nature ο:S:nature ε:S:nature ω:L:nature α:S:antepenult_accent ι:S:lexicon ου:L:nature ε:L:position αυ:L:nature ε:S:nature α:S:lexicon αι:L:nature αι:L:line_final,Κύπριδος αἰνὸν ἔρωτα τίς οὐκ ἔκλαυσεν ἂν αἰαῖ;
Epitaphius Adonis,1,40,True,LSSLSSLSSLSSLSSLL,LSSLSSLSSLSSLSSLL,0.0,1,2,,ω:L:nature ι:S:lexicon ε:S:nature ω:L:nature ε:S:nature ο:S:nature η:L:nature ε:S:nature α:S:unknown ω:L:nature ι:S:unknown ο:S:nature α:L:lexicon ε:S:nature ο:S:nature ε:L:position ο:L:line_final,"ὡς ἴδεν, ὡς ἐνόησεν Ἀδώνιδος ἄσχετον ἕλκος,"
Epitaphius Adonis,1,41,True,LSSLSSLSSLSSLSSLL,LSSLSSLSSLSSLSSLL,0.0,1,2,,ω:L:nature ι:S:lexicon ε:S:nature οι:L:nature ι:S:unknown ο:S:nature αι:L:nature α:S:lexicon α:S:unknown αι:L:nature ο:S:nature ε:S:nature ω:L:nature ε:S:nature ι:S:lexicon η:L:nature ω:L:line_final,"ὡς ἴδε φοίνιον αἷμα μαραινομένῳ περὶ μηρῷ,"
Epitaphius Adonis,1,42,True,LSSLSSLSSLSSLSSLL,LSSLSSLSSLSSLSSLL,0.0,1,6,,α:L:unknown ε:S:nature α:S:antepenult_accent α:L:position ε:S:nature α:S:unknown α:L:unknown α:S:antepenult_accent ι:S:unknown υ:L:unknown ε:S:nature ο:S:nature ει:L:nature ο:S:nature α:S:unknown ω:L:nature ι:L:antepenult_accent,"πάχεας ἀμπετάσασα κινύρετο· ’ μεῖνον Ἄδωνι,"
Epitaphius Adonis,1,43,True,LSSLSSLSSLSSLSSLL,LSSLSSLSSLSSLSSLL,1.0,1,3,cluster_short,υ:L:position ο:S:position ε:S:nature ει:L:nature ο:S:nature α:S:unknown ω:L:nature ι:S:antepenult_accent α:S:unknown υ:L:position α:S:unknown ο:S:nature ω:L:nature+position ε:S:nature ι:S:lexicon ει:L:nature ω:L:line_final,"δύσποτμε μεῖνον Ἄδωνι, πανύστατον ὥς σε κιχείω,"
Epitaphius Adonis,1,44,True,LSSLLLLLSSLSSLL,LSSLLLLLSSLSSLL,0.0,1,0,,ω:L:nature+position ε:S:nature ε:S:nature ι:L:position υ:L:position ω:L:nature αι:L:nature ει:L:nature ε:S:nature α:S:lexicon ει:L:nature ε:S:nature ι:S:antepenult_accent ι:L:position ω:L:line_final,ὥς σε περιπτύξω καὶ χείλεα χείλεσι μίξω.
Epitaphius Adonis,1,45,True,LSSLSSLSSLSSLSSLL,LSSLSSLSSLSSLSSLL,0.0,1,2,,ε:L:position ε:S:nature ο:S:nature υ:L:position ο:S:nature α:S:unknown ω:L:nature ι:S:antepenult_accent ο:S:nature αυ:L:nature υ:S:lexicon α:S:lexicon ο:L:position ε:S:nature ι:S:unknown η:L:nature ο:L:line_final,"ἔγρεο τυτθὸν Ἄδωνι, τὸ δ’ αὖ πύματόν με φίλησον,"
Epitaphius Adonis,1,46,True,LLLSSLSSLLLSSLL,LLLSSLSSLLLSSLL,0.0,1,2,,ο:L:position ου:L:nature ο:L:position ε:S:nature ι:S:unknown η:L:nature ο:S:nature ο:S:nature ο:L:position ω:L:nature η:L:nature ο:S:nature ι:S:unknown η:L:nature α:L:antepenult_accent,"τοσσοῦτόν με φίλησον, ὅσον ζώῃ τὸ φίλημα,"
Epitaphius Adonis,1,47,True,LSSLLLSSLSSLSSLL,LSSLLLSSLSSLSSLL,0.0,1,2,,α:L:paroxytone_short_ultima ι:S:lexicon α:S:unknown ο:L:position υ:L:unknown η:L:nature ε:S:nature ε:S:nature ο:L:position ο:S:nature α:S:lexicon ει:L:nature ε:S:nature ο:S:nature η:L:nature α:L:lexicon,ἄχρις ἀποψύχῃς ἐς ἐμὸν στόμα κεἰς ἐμὸν ἧπαρ
Epitaphius Adonis,1,48,True,LSSLLLSSLSSLSSLL,LSSLLLSSLSSLSSLL,0.0,1,1,,ευ:L:nature α:S:properispomenon ε:S:nature ο:L:position ευ:L:nature η:L:nature ο:S:nature ε:S:nature ευ:L:nature+position υ:S:lexicon υ:S:lexicon ι:L:paroxytone_short_ultima ο:S:nature α:S:unknown ε:L:position ω:L:line_final,"πνεῦμα τεὸν ῥεύσῃ, τὸ δέ σευ γλυκὺ φίλτρον ἀμέλξω,"
Epitaphius Adonis,1,49,True,LSSLSSLSSLSSLSSLL,LSSLSSLSSLSSLSSLL,0.0,1,3,,ε:L:position ε:S:nature ι:S:unknown ω:L:nature ο:S:nature ε:S:nature ω:L:nature α:S:antepenult_accent ι:S:unknown η:L:nature α:S:antepenult_accent ε:S:nature ου:L:nature ο:S:nature υ:S:unknown α:L:position ω:L:line_final,"ἐκ δὲ πίω τὸν ἔρωτα, φίλημα δὲ τοῦτο φυλάξω"
Epitaphius Adonis,1,50,True,LLLSSLSSLSSLSSLL,LLLSSLSSLSSLSSLL,0.0,1,1,,ω:L:nature αυ:L:nature ο:L:position ο:S:nature α:S:unknown ω:L:nature ι:S:antepenult_accent ε:S:nature ει:L:nature υ:S:lexicon ε:S:nature υ:L:position ο:S:nature ε:S:nature ευ:L:nature ει:L:line_final,"ὡς αὐτὸν τὸν Ἄδωνιν, ἐπεὶ σύ με δύσμορε φεύγεις,"
Epitaphius Adonis,1,51,True,LLLSSLSSLSSLSSLL,LLLSSLSSLSSLSSLL,3.0,1,2,correption,ευ:L:nature ει:L:nature+position α:L:position ο:S:nature α:S:unknown ω:L:nature ι:S:antepenult_accent αι:S:nature ε:L:position ε:S:nature αι:S:nature ει:L:nature α:S:unknown ε:S:nature ο:L:position α:L:antepenult_accent,"φεύγεις μακρὸν Ἄδωνι, καὶ ἔρχεαι εἰς Ἀχέροντα"
Epitaphius Adonis,1,52,True,LLLSSLSSLSSLSSLL,LLLSSLSSLSSLSSLL,0.5,1,2,correption,α:L:lexicon υ:L:position ο:L:position α:S:lexicon ι:S:lexicon η:L:nature α:S:lexicon αι:S:nature α:L:position ι:S:lexicon ο:S:nature α:L:unknown ε:S:nature α:S:unknown αι:L:nature α:L:antepenult_accent,"πὰρ στυγνὸν βασιλῆα καὶ ἄγριον, ἁ δὲ τάλαινα"
Epitaphius Adonis,1,53,True,LLLSSLSSLSSLSSLL,LLLSSLSSLSSLSSLL,0.5,1,3,correption,ω:L:nature ω:L:nature αι:L:nature ε:S:nature ο:S:nature ε:L:position ι:S:unknown αι:S:nature ου:L:nature υ:S:unknown α:S:unknown αι:L:nature ε:S:nature ι:S:lexicon ω:L:nature ει:L:line_final,ζώω καὶ θεὸς ἐμμὶ καὶ οὐ δύναμαί σε διώκειν.
Epitaphius Adonis,1,54,True,LSSLSSLSSLSSLSSLL,LSSLSSLSSLSSLSSLL,0.0,1,3,,α:L:position α:S:unknown ε:S:nature ε:L:position ε:S:nature ο:S:nature α:L:unknown ο:S:nature ε:S:nature ο:L:position ο:S:nature ι:S:lexicon ε:L:position ι:S:unknown α:S:lexicon αυ:L:nature α:L:lexicon,λάμβανε Περσεφόνα τὸν ἐμὸν πόσιν· ἐσσὶ γὰρ αὐτὰ
Epitaphius Adonis,1,55,True,LSSLLLSSLSSLSSLL,LSSLLLSSLSSLSSLL,1.0,1,1,lexicon_overridden,ο:L:position ο:S:nature ε:S:nature ευ:L:nature+position ε:L:position ω:L:nature+position ο:S:nature ε:S:nature α:L:lexicon α:S:lexicon ο:S:nature ε:L:position ε:S:nature α:S:unknown α:L:position ει:L:line_final,"πολλὸν ἐμεῦ κρέσσων, τὸ δὲ πᾶν καλὸν ἐς σὲ καταρρεῖ·"
Epitaphius Adonis,1,56,True,LSSLSSLSSLSSLSSLL,LSSLSSLSSLSSLSSLL,0.0,1,4,,ε:L:position ι:S:unknown ε:S:nature ω:L:nature α:S:lexicon α:S:lexicon ο:L:position ο:S:nature ε:S:nature ω:L:nature α:S:unknown ο:S:nature ε:L:position ο:S:nature α:S:unknown ι:L:unknown α:L:line_final,"ἐμμὶ δ’ ἐγὼ πανάποτμος, ἔχω δ’ ἀκόρεστον ἀνίαν,"
Epitaphius Adonis,1,57,True,LLLSSLSSLSSLSSLL,LLLSSLSSLSSLSSLL,0.0,1,1,,αι:L:nature+position αι:L:nature ω:L:nature ο:S:nature α:S:unknown ω:L:nature ι:S:antepenult_accent ο:S:nature οι:L:nature α:S:lexicon ε:S:nature αι:L:nature ε:S:nature ο:S:nature ευ:L:nature αι:L:line_final,"καὶ κλαίω τὸν Ἄδωνιν, ὅ μοι θάνε, καί σε φοβεῦμαι."
Epitaphius Adonis,1,58,True,LLLSSLSSLSSLSSLL,LLLSSLSSLSSLSSLL,0.5,1,1,correption,α:L:nature+position ει:L:nature ω:L:nature+position ι:S:unknown ο:S:nature η:L:nature ε:S:nature ο:S:nature ο:L:position ε:S:nature οι:S:nature ω:L:nature ο:S:nature α:S:lexicon ε:L:position α:L:line_final,"θνᾴσκεις ὦ τριπόθητε, πόθος δέ μοι ὡς ὄναρ ἔπτα,"
Epitaphius Adonis,1,59,True,LLLSSLSSLSSLSSLL,LLLSSLSSLSSLSSLL,0.0,1,3,,η:L:nature α:L:unknown α:L:unknown υ:S:unknown ε:S:nature ει:L:nature α:S:lexicon ε:S:nature οι:L:nature α:S:lexicon α:S:lexicon ω:L:nature α:S:lexicon ε:S:nature ω:L:nature ε:L:line_final,"χήρα δ’ ἁ Κυθέρεια, κενοὶ δ’ ἀνὰ δώματ’ Ἔρωτες."
Epitaphius Adonis,1,60,True,LSSLSSLSSLLLSSLL,LSSLSSLSSLLLSSLL,0.0,1,2,,οι:L:nature α:S:lexicon α:S:lexicon ε:L:position ο:S:nature ο:S:nature ω:L:nature ε:S:nature ι:S:lexicon α:L:lexicon ο:L:position η:L:nature ε:S:nature υ:S:unknown α:L:unknown ει:L:line_final,σοὶ δ’ ἅμα κεστὸς ὄλωλε. τί γὰρ τολμηρὲ κυνάγεις;
Epitaphius Adonis,1,61,True,LSSLLLSSLSSLSSLL,LSSLLLSSLSSLSSLL,0.0,1,2,,α:L:lexicon ο:S:nature ε:S:nature ω:L:nature+position ο:L:position ου:L:nature ο:S:nature ε:S:nature η:L:nature α:S:unknown ο:S:nature η:L:nature ι:S:lexicon α:S:unknown αι:L:nature ει:L:line_final,καλὸς ἐὼν τοσσοῦτον ἐμήναο θηρὶ παλαίειν;’
Epitaphius Adonis,1,62,True,LSSLSSLSSLLLSSLL,LSSLSSLSSLLLSSLL,0.0,1,0,,ω:L:nature ο:S:nature ο:S:nature υ:L:lexicon α:S:lexicon ο:S:nature υ:L:paroxytone_short_ultima ι:S:lexicon ε:S:nature αι:L:nature α:L:position ου:L:nature ι:S:antepenult_accent ε:S:nature ω:L:nature ε:L:line_final,ὧδ’ ὀλοφύρατο Κύπρις· ἐπαιάζουσιν Ἔρωτες
Epitaphius Adonis,1,63,True,LLLSSLSSLSSLSSLL,LLLSSLSSLSSLSSLL,0.0,1,2,,αι:L:nature αι:L:nature α:L:position υ:S:unknown ε:S:nature ει:L:nature α:S:lexicon α:S:lexicon ω:L:nature ε:S:nature ο:S:nature α:L:lexicon ο:S:nature α:S:unknown ω:L:nature ι:L:antepenult_accent,"αἰαῖ τὰν Κυθέρειαν, ἀπώλετο καλὸς Ἄδωνις."
Epitaphius Adonis,1,64,True,LSSLSSLLLSSLSSLL,LSSLSSLLLSSLSSLL,0.5,1,5,correption,α:L:position υ:S:lexicon ο:S:nature α:L:unknown α:S:unknown ι:S:unknown α:L:unknown ο:L:position ο:L:position ε:S:nature ει:S:nature ο:L:position ο:S:nature α:S:unknown ω:L:nature ι:L:antepenult_accent,"δάκρυον ἁ Παφία τόσσον χέει, ὅσσον Ἄδωνις"
Epitaphius Adonis,1,65,True,LSSLSSLSSLSSLSSLL,LSSLSSLSSLSSLSSLL,0.5,1,1,correption,αι:L:nature α:S:lexicon ε:S:nature ει:L:nature α:S:lexicon ε:S:nature α:L:lexicon α:S:lexicon ο:S:nature ι:L:lexicon ο:S:nature ι:S:lexicon ι:L:unknown ε:S:nature αι:S:nature α:L:position η:L:line_final,αἷμα χέει· τὰ δὲ πάντα ποτὶ χθονὶ γίνεται ἄνθη.
Epitaphius Adonis,1,66,True,LSSLLLSSLSSLSSLL,LSSLLLSSLSSLSSLL,0.0,1,2,,αι:L:nature α:S:lexicon ο:S:nature ο:L:position ι:L:position ει:L:nature α:S:lexicon ε:S:nature α:L:position υ:S:lexicon α:S:lexicon α:L:unknown α:S:unknown ε:S:nature ω:L:nature α:L:line_final,"αἷμα ῥόδον τίκτει, τὰ δὲ δάκρυα τὰν ἀνεμώναν."
Epitaphius Adonis,1,67,True,LLLSSLSSLSSLSSLL,LLLSSLSSLSSLSSLL,0.0,1,2,,αι:L:nature α:L:position ω:L:nature ο:S:nature α:S:unknown ω:L:nature ι:S:antepenult_accent α:S:lexicon ω:L:nature ε:S:nature ο:S:nature α:L:lexicon ο:S:nature α:S:unknown ω:L:nature ι:L:antepenult_accent,"αἰάζω τὸν Ἄδωνιν, ἀπώλετο καλὸς Ἄδωνις."
Epitaphius Adonis,1,68,True,LSSLLLSSLSSLSSLL,LSSLLLSSLSSLSSLL,0.0,1,2,,η:L:nature ε:S:nature ε:S:nature ι:L:lexicon υ:L:unknown οι:L:nature ι:S:properispomenon ο:S:nature α:L:lexicon ε:S:nature α:S:lexicon υ:L:unknown ε:S:nature ο:S:nature υ:L:position ι:L:line_final,μηκέτ’ ἐνὶ δρυμοῖσι τὸν ἀνέρα μύρεο Κύπρι.
Epitaphius Adonis,1,69,True,LSSLSSLSSLSSLSSLL,LSSLSSLSSLSSLSSLL,0.0,1,5,,ου:L:nature α:S:lexicon α:S:lexicon α:L:lexicon ι:S:unknown α:S:unknown ε:L:position ι:S:lexicon α:S:unknown ω:L:nature ι:S:unknown ι:S:antepenult_accent υ:L:position α:S:unknown ε:S:nature η:L:nature α:L:line_final,οὐκ ἀγαθὰ στιβάς ἐστιν Ἀδώνιδι φυλλὰς ἐρήμα·
Epitaphius Adonis,1,70,True,LSSLSSLSSLLLSSLL,LSSLSSLSSLLLSSLL,0.0,1,2,,ε:L:position ο:S:nature ε:S:nature οι:L:nature υ:S:unknown ε:S:nature ει:L:nature α:S:lexicon ο:S:nature ο:L:position αι:L:nature ε:L:position ο:S:nature α:S:unknown ω:L:nature ι:L:antepenult_accent,λέκτρον ἔχοι Κυθέρεια τὸ σὸν καὶ νεκρὸς Ἄδωνις.
Epitaphius Adonis,1,71,True,LSSLSSLSSLSSLSSLL,LSSLSSLSSLSSLSSLL,4.0,1,1,lexicon_overridden,αι:L:nature ε:S:nature υ:S:lexicon ω:L:nature+position α:S:lexicon ο:S:nature ε:L:position ι:S:lexicon α:S:lexicon ο:L:position ε:S:nature υ:S:lexicon οι:L:nature α:S:lexicon α:S:unknown ευ:L:nature ω:L:line_final,"καὶ νέκυς ὢν καλός ἐστι, καλὸς νέκυς, οἷα καθεύδων."
Epitaphius Adonis,1,72,True,LSSLSSLSSLSSLSSLL,LSSLSSLSSLSSLSSLL,0.0,1,2,,α:L:position ε:S:nature ο:S:nature ι:L:position α:S:lexicon α:S:lexicon οι:L:nature ε:S:nature ι:S:lexicon α:L:unknown ε:S:nature ι:S:antepenult_accent οι:L:nature ε:S:nature ι:S:unknown αυ:L:nature ε:L:line_final,"κάτθεό νιν μαλακοῖς ἐνὶ φάρεσιν οἷς ἐνίαυεν,"
Epitaphius Adonis,1,73,True,LSSLSSLSSLSSLSSLL,LSSLSSLSSLSSLSSLL,0.0,1,0,,ω:L:nature ε:S:nature α:S:lexicon ευ:L:nature α:S:lexicon α:S:lexicon υ:L:paroxytone_short_ultima α:S:lexicon ο:S:nature ι:L:lexicon ε:S:nature ο:S:nature υ:L:paroxytone_short_ultima ο:S:nature ε:S:nature ο:L:position ει:L:line_final,ᾧ μετὰ τεῦς ἀνὰ νύκτα τὸν ἱερὸν ὕπνον ἐμόχθει
Epitaphius Adonis,1,74,True,LSSLLLSSLLLSSLL,LSSLLLSSLLLSSLL,0.0,1,2,,α:L:position υ:S:unknown ε:S:nature ω:L:nature+position ι:L:position η:L:nature ι:S:properispomenon ο:S:nature ει:L:nature αι:L:nature+position υ:L:position ο:S:nature α:S:unknown ω:L:nature ι:L:antepenult_accent,παγχρυσέῳ κλιντῆρι· ποθεῖ καὶ στυμνὸν Ἄδωνιν.
Epitaphius Adonis,1,75,True,LSSLSSLSSLSSLSSLL,LSSLSSLSSLSSLSSLL,0.5,1,1,correption,α:L:lexicon ε:S:nature ε:S:nature ι:L:position ε:S:nature α:S:unknown οι:L:nature ι:S:antepenult_accent αι:S:nature α:L:position ε:S:nature ι:S:lexicon α:L:lexicon α:S:lexicon υ:S:lexicon αυ:L:nature ω:L:line_final,"βάλλε δέ νιν στεφάνοισι καὶ ἄνθεσι· πάντα σὺν αὐτῷ,"
Epitaphius Adonis,1,76,True,LLLLLSSLSSLSSLL,LLLLLSSLSSLSSLL,0.5,1,1,correption,ω:L:nature+position η:L:nature ο:L:position ε:L:position α:L:unknown ε:S:nature αι:S:nature α:L:position ε:S:nature α:S:lexicon α:L:lexicon α:S:lexicon α:S:lexicon ο:L:position ω:L:line_final,ὡς τῆνος τέθνακε καὶ ἄνθεα πάντα θανόντων.
Epitaphius Adonis,1,77,True,LSSLSSLSSLSSLSSLL,LSSLSSLSSLSSLSSLL,0.0,1,5,,αι:L:nature ε:S:nature ε:S:nature ι:L:position υ:S:unknown ι:S:unknown οι:L:nature ι:S:antepenult_accent α:S:unknown ει:L:nature α:S:unknown ι:S:antepenult_accent αι:L:nature ε:S:nature υ:S:unknown οι:L:nature ι:L:antepenult_accent,"ῥαῖνε δέ νιν Συρίοισιν ἀλείφασι, ῥαῖνε μύροισιν·"
Epitaphius Adonis,1,78,True,LLLSSLSSLSSLSSLL,LLLSSLSSLSSLSSLL,0.0,1,3,,ο:L:position υ:L:position ω:L:nature υ:S:unknown α:S:unknown α:L:lexicon α:S:lexicon ο:S:nature ο:L:position υ:S:paroxytone_short_ultima ο:S:nature ω:L:nature ε:S:nature α:S:unknown ω:L:nature ι:L:antepenult_accent,ὀλλύσθω μύρα πάντα· τὸ σὸν μύρον ὤλετ’ Ἄδωνις.
Epitaphius Adonis,1,79,True,LSSLSSLSSLSSLSSLL,LSSLSSLSSLSSLSSLL,0.5,1,3,correption,ε:L:position ι:S:unknown αι:S:nature α:L:position ο:S:nature α:S:unknown ω:L:nature ι:S:antepenult_accent ε:S:nature ει:L:nature α:S:unknown ι:S:antepenult_accent ο:L:position υ:S:lexicon ε:S:nature οι:L:nature ι:L:lexicon,κέκλιται ἁβρὸς Ἄδωνις ἐν εἵμασι πορφυρέοισιν·
Epitaphius Adonis,1,80,True,LSSLLLSSLSSLSSLL,LSSLLLSSLSSLSSLL,0.0,1,0,,α:L:position ι:S:lexicon ε:S:nature ι:L:position αι:L:nature ο:L:position ε:S:nature α:S:lexicon α:L:position ε:S:nature α:S:lexicon ου:L:nature ι:S:lexicon ε:S:nature ω:L:nature ε:L:line_final,ἀμφὶ δέ νιν κλαίοντες ἀναστενάχουσιν Ἔρωτες
Epitaphius Adonis,1,81,True,LSSLLLSSLSSLSSLL,LSSLLLSSLSSLSSLL,0.0,1,3,,ει:L:nature α:S:unknown ε:S:nature οι:L:nature αι:L:nature α:L:lexicon ε:S:nature α:S:unknown ω:L:nature ι:S:unknown ι:S:antepenult_accent ω:L:nature ε:S:nature ο:S:nature ι:L:position ω:L:line_final,"κειράμενοι χαίτας ἐπ’ Ἀδώνιδι· χὢ μὲν ὀϊστώς,"
Epitaphius Adonis,1,82,True,LSSLSSLSSLSSLSSLL,LSSLSSLSSLSSLSSLL,0.0,1,1,,ο:L:position ε:S:nature ι:S:lexicon ο:L:position ο:S:nature ε:S:nature α:L:position ε:S:nature ο:S:nature ε:L:position ε:S:nature ο:S:nature ο:L:position ε:S:nature α:S:unknown ε:L:position α:L:line_final,"ὃς δ’ ἐπὶ τόξον ἔβαλλεν, ὃ δὲ πτερόν, ὃς δὲ φαρέτραν·"
Epitaphius Adonis,1,83,True,LSSLSSLSSLSSLSSLL,LSSLSSLSSLSSLSSLL,0.0,1,3,,ω:L:nature ε:S:nature ε:S:nature υ:L:lexicon ε:S:nature ε:S:nature ι:L:unknown ο:S:nature α:S:unknown ω:L:nature ι:S:unknown ο:S:nature οι:L:nature ε:S:nature ε:S:nature η:L:nature ι:L:antepenult_accent,"χὢ μὲν ἔλυσε πέδιλον Ἀδώνιδος, οἳ δὲ λέβητι"
Epitaphius Adonis,1,84,True,LLLSSLSSLSSLSSLL,LLLSSLSSLSSLSSLL,1.0,1,1,lexicon_overridden,υ:L:unknown ει:L:nature ω:L:nature ο:S:nature ε:S:nature ου:L:nature ι:S:lexicon υ:S:lexicon ω:L:nature ο:S:nature ε:S:nature η:L:nature ι:S:lexicon α:S:lexicon ου:L:nature ει:L:line_final,"χρυσείῳ φορέουσιν ὕδωρ, ὃ δὲ μηρία λούει,"
Epitaphius Adonis,1,85,True,LSSLSSLSSLLLSSLL,LSSLSSLSSLLLSSLL,0.0,1,3,,ο:L:position ο:S:nature ι:S:lexicon ε:L:position ε:S:nature υ:S:lexicon ε:L:position ι:S:lexicon α:S:unknown α:L:position υ:L:unknown ει:L:nature ο:S:nature α:S:unknown ω:L:nature ι:L:antepenult_accent,ὃς δ’ ὄπιθεν πτερύγεσσιν ἀναψύχει τὸν Ἄδωνιν.
Epitaphius Adonis,1,86,True,LLLSSLSSLLLSSLL,LLLSSLSSLLLSSLL,0.0,1,1,,αι:L:nature αι:L:nature α:L:position υ:S:unknown ε:S:nature ει:L:nature α:S:lexicon ε:S:nature αι:L:nature α:L:position ου:L:nature ι:S:antepenult_accent ε:S:nature ω:L:nature ε:L:line_final,αἰαῖ τὰν Κυθέρειαν ἐπαιάζουσιν Ἔρωτες.
Epitaphius Adonis,1,87,True,LSSLSSLSSLLLSSLL,LSSLSSLSSLLLSSLL,0.0,1,4,,ε:L:position ε:S:nature ε:S:nature α:L:position α:S:unknown α:S:unknown α:L:lexicon α:S:lexicon ε:S:nature ι:L:lexicon ι:L:unknown αι:L:nature υ:S:unknown ε:S:nature αι:L:nature ο:L:line_final,"ἔσβεσε λαμπάδα πᾶσαν ἐπὶ φλιαῖς Ὑμέναιος,"
Epitaphius Adonis,1,88,True,LSSLSSLSSLSSLSSLL,LSSLSSLSSLSSLSSLL,0.0,1,2,,αι:L:nature+position ε:S:nature ο:S:nature ε:L:position ε:S:nature ε:S:nature α:L:position ε:S:nature α:S:unknown η:L:nature ι:S:unknown ο:S:nature ου:L:nature ε:S:nature ι:S:lexicon υ:L:lexicon η:L:line_final,"καὶ στέφος ἐξεπέτασσε γαμήλιον· οὐκέτι δ’ Ὑμήν,"
Epitaphius Adonis,1,89,True,LLLSSLSSLSSLSSLL,LLLSSLSSLSSLSSLL,1.5,1,3,correption,υ:L:unknown η:L:nature ου:L:nature ε:S:nature α:S:unknown ει:L:nature ει:S:nature ε:S:nature ο:L:position ε:S:nature ο:S:nature α:L:position ε:S:nature α:S:unknown ει:L:nature ει:L:line_final,"Ὑμὴν οὐκέτ’ ἀείδει ἑὸν μέλος, ἀλλ’ ἐπαείδει"
Epitaphius Adonis,1,90,True,LLLSSLSSLSSLSSLL,LLLSSLSSLSSLSSLL,0.0,1,2,,αι:L:nature αι:L:nature αι:L:nature ο:S:nature α:S:unknown ω:L:nature ι:S:antepenult_accent ε:S:nature ι:L:lexicon ε:S:nature ο:S:nature η:L:nature υ:S:unknown ε:S:nature αι:L:nature ο:L:line_final,αἰαῖ καὶ τὸν Ἄδωνιν ἔτι πλέον ἢ Ὑμέναιον.
Epitaphius Adonis,1,91,True,LSSLLLSSLSSLSSLL,LSSLLLSSLSSLSSLL,0.0,1,3,,αι:L:nature α:S:lexicon ι:S:lexicon ε:L:position αι:L:nature ο:L:position ι:S:antepenult_accent ο:S:nature υι:L:nature ε:S:nature α:S:lexicon ω:L:nature ι:S:unknown υ:S:unknown α:L:unknown ο:L:line_final,"αἱ Χάριτες κλαίοντι τὸν υἱέα τῶ Κινύραο,"
Epitaphius Adonis,1,92,True,LSSLSSLSSLLLSSLL,LSSLSSLSSLLLSSLL,0.0,1,2,,ω:L:nature ε:S:nature ο:S:nature α:L:lexicon ο:S:nature α:S:unknown ω:L:nature ι:S:antepenult_accent ε:S:nature α:L:position α:L:unknown αι:L:nature ι:S:antepenult_accent ε:S:nature ου:L:nature αι:L:line_final,ὤλετο καλὸς Ἄδωνις ἐν ἀλλάλαισι λέγουσαι.
Epitaphius Adonis,1,93,True,LLLSSLSSLSSLLLL,LLLSSLSSLSSLLLL,1.5,1,0,,αι:L:nature αι:L:nature ο:L:position υ:S:lexicon ε:S:nature ο:L:position ι:S:antepenult_accent ο:S:nature υ:L:lexicon ε:S:nature ο:S:nature η:L:nature αι:L:nature ω:L:nature α:L:properispomenon,αἰαῖ δ’ ὀξὺ λέγοντι πολὺ πλέον ἢ Παιῶνα.
Epitaphius Adonis,1,94,True,LLLSSLSSLLLSSLL,LLLSSLSSLLLSSLL,0.0,1,3,,αι:L:nature οι:L:nature αι:L:nature ο:S:nature α:S:unknown ω:L:nature ι:S:antepenult_accent α:S:unknown α:L:position ει:L:nature ου:L:nature ι:S:antepenult_accent α:S:unknown ω:L:nature ι:L:antepenult_accent,"χαἰ Μοῖραι τὸν Ἄδωνιν ἀνακλείουσιν Ἄδωνιν,"
Epitaphius Adonis,1,95,True,LSSLLLSSLSSLSSLL,LSSLLLSSLSSLSSLL,0.0,1,4,,αι:L:nature ι:S:unknown ε:S:nature α:L:unknown ει:L:nature ου:L:nature ι:S:antepenult_accent ο:S:nature ε:L:position ι:S:lexicon ι:S:lexicon ου:L:nature υ:S:unknown α:S:unknown ου:L:nature ει:L:line_final,καί νιν ἐπαείδουσιν· ὃ δέ σφισιν οὐχ ὑπακούει·
Epitaphius Adonis,1,96,True,LLLSSLLLSSLSSLL,LLLSSLLLSSLSSLL,0.0,1,4,,ου:L:nature α:L:lexicon ου:L:nature ε:S:nature ε:S:nature ει:L:nature ω:L:nature α:L:unknown ε:S:nature ι:S:unknown ου:L:nature α:S:unknown ο:S:nature υ:L:unknown ει:L:line_final,"οὐ μὰν οὐκ ἐθέλει, Κώρα δέ νιν οὐκ ἀπολύει."
Epitaphius Adonis,1,97,True,LSSLSSLSSLSSLSSLL,LSSLSSLSSLSSLSSLL,0.0,1,2,,η:L:nature ε:S:nature ο:S:nature ω:L:nature+position υ:S:unknown ε:S:nature ει:L:nature α:S:lexicon ο:S:nature α:L:unknown ε:S:nature ο:S:nature ι:L:position ε:S:nature ο:S:nature ο:L:position ω:L:line_final,"λῆγε γόων Κυθέρεια τὸ σάμερον, ἴσχεο κομμῶν·"
Epitaphius Adonis,1,98,True,LSSLLLSSLSSLSSLL,LSSLLLSSLSSLSSLL,1.0,1,0,cluster_short,ει:L:nature ε:S:nature α:S:lexicon ι:L:lexicon αυ:L:nature αι:L:nature α:S:lexicon ι:S:lexicon ει:L:nature ε:S:nature ο:S:nature α:L:paroxytone_short_ultima ο:S:nature α:S:position υ:L:circumflex αι:L:line_final,"δεῖ σε πάλιν κλαῦσαι, πάλιν εἰς ἔτος ἄλλο δακρῦσαι."
Epithalamium Achillis et Deidameiae,1,1,True,LSSLSSLSSLSSLSSLL,LSSLSSLSSLSSLSSLL,0.0,1,7,,η:L:nature+position υ:S:lexicon ι:S:lexicon οι:L:nature υ:S:unknown ι:S:unknown α:L:unknown ι:S:unknown ε:S:nature ο:L:position ε:S:nature ο:S:nature α:L:unknown υ:S:unknown ι:S:unknown αι:L:nature ει:L:line_final,"Λῇς νύ τί μοι Λυκίδα Σικελὸν μέλος ἁδὺ λιγαίνειν,"
Epithalamium Achillis et Deidameiae,1,2,True,LSSLSSLSSLSSLSSLL,LSSLSSLSSLSSLSSLL,0.0,1,4,,ι:L:lexicon ε:S:nature ο:S:nature ε:L:position υ:S:unknown υ:S:unknown υ:L:unknown ο:S:nature ε:S:nature ω:L:nature ι:S:unknown ο:S:nature οι:L:nature ο:S:nature ο:S:nature υ:L:position ω:L:line_final,"ἱμερόεν γλυκύθυμον ἐρωτικόν, οἷον ὁ Κύκλωψ"
Epithalamium Achillis et Deidameiae,1,3,True,LLLSSLSSLSSLSSLL,LLLSSLSSLSSLSSLL,0.0,1,6,,α:L:unknown ει:L:nature ε:L:position ο:S:nature υ:S:unknown α:L:unknown ο:S:nature ε:S:nature α:L:nature ο:S:nature ι:S:unknown α:L:nature α:S:unknown α:S:unknown ει:L:nature α:L:line_final,ἄεισεν Πολύφαμος ἐπᾳονίᾳ Γαλατείᾳ;
Epithalamium Achillis et Deidameiae,1,4,True,LLLLLLLSSLSSLL,LLLLLLLSSLSSLL,0.0,1,1,,η:L:nature οι:L:nature υ:L:unknown ι:L:paroxytone_short_ultima ε:L:position υ:L:position ω:L:nature+position ι:S:lexicon ο:S:nature α:L:position α:S:lexicon ι:S:lexicon ε:L:position ω:L:line_final,"κἠμοὶ συρίσδεν, Μύρσων, φίλον· ἀλλὰ τί μέλψω;"
Epithalamium Achillis et Deidameiae,1,5,True,LSSLSSLLLSSLSSLL,LSSLSSLLLSSLSSLL,0.0,1,7,,υ:L:unknown ι:S:unknown ο:S:nature ω:L:nature υ:S:unknown ι:S:unknown α:L:position α:L:unknown ω:L:nature ε:S:nature ο:S:nature α:L:unknown υ:S:unknown ε:S:nature ω:L:nature α:L:antepenult_accent,"Σκύριον ὦ Λυκίδα ζαλώμενον ἁδὺν ἔρωτα,"
Epithalamium Achillis et Deidameiae,1,6,True,LSSLLLSSLSSLSSLL,LSSLLLSSLSSLSSLL,0.0,1,6,,α:L:position ι:S:unknown α:S:antepenult_accent η:L:nature ει:L:nature α:L:unknown ο:S:nature ι:S:unknown α:L:unknown α:S:unknown α:S:antepenult_accent α:L:position ι:S:unknown ο:S:nature ευ:L:nature α:L:line_final,"λάθρια Πηλείδαο φιλάματα, λάθριον εὐνάν,"
Epithalamium Achillis et Deidameiae,1,7,True,LLLSSLSSLLLSSLL,LLLSSLSSLLLSSLL,0.0,1,1,,ω:L:nature+position αι:L:nature ε:L:position α:S:lexicon ο:S:nature α:L:lexicon ο:S:nature ο:S:nature ω:L:nature+position ε:L:position ευ:L:nature α:S:unknown ο:S:nature ο:L:position α:L:line_final,"πῶς παῖς ἕσσατο φᾶρος, ὅπως δ’ ἐψεύσατο μορφὰν"
Epithalamium Achillis et Deidameiae,1,8,True,LLLSSLSSLSSLSSLL,LLLSSLSSLSSLSSLL,0.0,1,5,,η:L:nature+position ω:L:nature αι:L:nature ι:S:antepenult_accent ο:S:nature ω:L:nature+position υ:S:unknown ο:S:nature η:L:nature ι:S:unknown ι:S:unknown α:L:unknown α:S:unknown ε:S:nature οι:L:nature α:L:antepenult_accent,κἠν κώραισιν ὅπως Λυκομηδίσιν ἁπαλέγοισα
Epithalamium Achillis et Deidameiae,1,9,True,LLLSSLSSLSSLSSLL,LLLSSLSSLSSLSSLL,0.0,1,4,,η:L:nature ει:L:nature η:L:nature α:S:lexicon α:S:lexicon α:L:position ο:S:nature α:S:unknown ι:L:position ε:S:nature α:S:unknown η:L:nature ι:S:unknown α:S:unknown ει:L:nature α:L:antepenult_accent,ἠείδη κατὰ παστὸν Ἀχιλλέα Δηϊδάμεια.
Epithalamium Achillis et Deidameiae,1,10,True,LSSLSSLSSLSSLSSLL,LSSLSSLSSLSSLSSLL,0.0,1,3,,α:L:position α:S:unknown ε:S:nature α:L:unknown ε:S:nature ε:S:nature α:L:position ο:S:nature ο:S:nature ου:L:nature ο:S:nature ο:S:nature α:L:circumflex ε:S:nature ε:S:nature ι:L:unknown α:L:line_final,"Ἅρπασε τὰν Ἑλέναν πόθ’ ὁ βουκόλος, ἆγε δ’ ἐς Ἴδαν,"
Epithalamium Achillis et Deidameiae,1,11,True,LLLSSLSSLSSLSSLL,LLLSSLSSLSSLSSLL,0.0,1,2,,οι:L:nature ω:L:nature α:L:nature α:S:lexicon ο:S:nature α:L:paroxytone_short_ultima ο:S:nature ε:S:nature ω:L:nature α:S:lexicon ο:S:nature α:L:unknown α:S:unknown ε:S:nature αι:L:nature ω:L:line_final,"Οἰνώνᾳ κακὸν ἄλγος. ἐχώσατο δ’ ἁ Λακεδαίμων,"
Epithalamium Achillis et Deidameiae,1,12,True,LSSLSSLSSLSSLSSLL,LSSLSSLSSLSSLSSLL,0.0,1,3,,α:L:lexicon α:S:lexicon ε:S:nature α:L:lexicon ο:S:nature α:S:lexicon ει:L:nature ε:S:nature α:S:unknown α:L:unknown ι:S:unknown ο:S:nature ου:L:nature ε:S:nature ι:S:lexicon ε:L:position η:L:line_final,"πάντα δὲ λαὸν ἄγειρεν Ἀχαϊκόν, οὐδέ τις Ἕλλην"
Epithalamium Achillis et Deidameiae,1,13,True,LSSLLLLLSSLSSLL,LSSLLLLLSSLSSLL,0.0,1,1,,ου:L:nature ε:S:nature υ:S:lexicon η:L:nature αι:L:nature ω:L:nature ου:L:nature η:L:nature ι:S:lexicon ο:S:nature ου:L:nature ε:S:nature α:S:unknown ω:L:nature ω:L:line_final,"οὔτε Μυκηναίων οὔτ’ Ἤλιδος οὔτε Λακώνων,"
Epithalamium Achillis et Deidameiae,1,14,True,LSSLSSLSSLLLSSLL,LSSLSSLSSLLLSSLL,0.0,1,1,,ει:L:nature ε:S:nature ε:S:nature ο:L:position α:S:lexicon α:S:lexicon ω:L:nature α:S:lexicon υ:S:lexicon ω:L:nature+position υ:L:position α:L:unknown ο:S:nature α:S:lexicon η:L:nature α:L:lexicon,μεῖνεν ἑὸν κατὰ δῶμα φυγὼν δύστανον Ἄρηα.
Epithalamium Achillis et Deidameiae,1,15,True,LSSLLLSSLSSLSSLL,LSSLLLSSLSSLSSLL,0.0,1,4,,α:L:position α:S:unknown ε:S:nature ε:L:position ω:L:nature αι:L:nature+position υ:S:unknown ο:S:nature η:L:nature ι:S:unknown ι:S:unknown ου:L:nature ο:S:nature α:S:lexicon ι:L:lexicon ευ:L:line_final,"λάνθανε δ’ ἐν κώραις Λυκομηδίσι μοῦνος Ἀχιλλεύς,"
Epithalamium Achillis et Deidameiae,1,16,True,LSSLLLSSLSSLSSLL,LSSLLLSSLSSLSSLL,0.0,1,1,,ει:L:nature ι:S:lexicon α:S:lexicon α:L:position ο:L:position ω:L:nature ε:S:nature ι:S:unknown α:L:position ε:S:nature ο:S:nature αι:L:nature ε:S:nature ι:S:lexicon ευ:L:nature α:L:line_final,"εἴρια δ’ ἀνθ’ ὅπλων ἐδιδάσκετο, καὶ χερὶ λευκᾷ"
Epithalamium Achillis et Deidameiae,1,17,True,LSSLSSLSSLSSLSSLL,LSSLSSLSSLSSLSSLL,0.0,1,1,,α:L:position ε:S:nature ι:S:unknown ο:L:position ο:S:nature ο:S:nature ει:L:nature ε:S:nature ε:S:nature αι:L:nature ε:S:nature ο:S:nature η:L:nature υ:S:lexicon ε:S:nature ω:L:nature α:L:line_final,"παρθενικὸν κόπον εἶχεν, ἐφαίνετο δ’ ἠΰτε κώρα·"
Epithalamium Achillis et Deidameiae,1,18,True,LSSLLLLLSSLSSLL,LSSLLLLLSSLSSLL,1.0,1,1,lexicon_overridden,αι:L:nature α:S:lexicon ι:S:lexicon ο:L:position η:L:nature αι:L:nature+position η:L:nature υ:L:unknown ε:S:nature ο:S:nature αι:L:nature ο:S:nature ο:S:nature α:L:paroxytone_short_ultima ο:L:line_final,"καὶ γὰρ ἴσον τήναις θηλύνετο, καὶ τόσον ἄνθος"
Epithalamium Achillis et Deidameiae,1,19,True,LSSLLLSSLSSLSSLL,LSSLLLSSLSSLSSLL,0.0,1,5,,ι:L:unknown ο:S:nature ε:S:nature αι:L:nature+position ο:L:position υ:L:lexicon ε:S:nature α:S:unknown η:L:nature ι:S:unknown ι:S:unknown αι:L:nature ο:S:nature α:S:unknown ι:L:position α:L:antepenult_accent,"χιονέαις πόρφυρε παρηίσι, καὶ τὸ βάδισμα"
Epithalamium Achillis et Deidameiae,1,20,True,LSSLSSLSSLSSLSSLL,LSSLSSLSSLSSLSSLL,0.0,1,3,,α:L:position ε:S:nature ι:S:lexicon η:L:nature ε:S:nature α:S:unknown ι:L:position ε:S:nature ο:S:nature α:L:position ε:S:nature υ:S:unknown α:L:position ε:S:nature α:S:unknown υ:L:position α:L:line_final,"παρθενικῆς ἐβάδιζε, κόμας δ’ ἐπύκαζε καλύπτρᾳ."
Epithalamium Achillis et Deidameiae,1,21,True,LLLSSLSSLSSLSSLL,LLLSSLSSLSSLSSLL,0.5,1,0,correption,υ:L:lexicon ο:L:position α:L:lexicon ε:S:nature ο:S:nature ει:L:nature ε:S:nature αι:S:nature α:L:lexicon ε:S:nature ο:S:nature ει:L:nature ε:S:nature ε:S:nature ω:L:nature α:L:antepenult_accent,"θυμὸν δ’ ἀνέρος εἶχε, καὶ ἀνέρος εἶχεν ἔρωτα·"
Epithalamium Achillis et Deidameiae,1,22,True,LLLSSLSSLSSLSSLL,LLLSSLSSLSSLSSLL,0.0,1,4,,ε:L:position α:L:unknown ου:L:nature+position ε:S:nature ι:S:lexicon υ:L:paroxytone_short_ultima α:S:lexicon α:S:unknown ι:L:position ε:S:nature ο:S:nature η:L:nature ι:S:unknown α:S:unknown ει:L:nature α:L:line_final,"ἐξ ἀοῦς δ’ ἐπὶ νύκτα παρίζετο Δηϊδαμείᾳ,"
Epithalamium Achillis et Deidameiae,1,23,True,LSSLLLSSLSSLSSLL,LSSLLLSSLSSLSSLL,0.0,1,2,,αι:L:nature ο:S:nature ε:S:nature ε:L:position η:L:nature α:L:unknown ε:S:nature ι:S:lexicon ει:L:nature ε:S:nature α:S:unknown ο:L:position α:S:lexicon ι:S:lexicon αυ:L:nature α:L:circumflex,"καὶ ποτὲ μὲν τήνας ἐφίλει χέρα, πολλάκι δ’ αὐτᾶς"
Epithalamium Achillis et Deidameiae,1,24,True,LSSLSSLSSLSSLSSLL,LSSLSSLSSLSSLSSLL,0.0,1,2,,α:L:unknown ο:S:nature α:S:antepenult_accent α:L:lexicon ο:S:nature α:S:lexicon ει:L:nature ε:S:nature α:S:lexicon αι:L:nature α:S:lexicon α:S:lexicon α:L:position ι:S:unknown ε:S:nature η:L:nature ει:L:line_final,"στάμονα καλὸν ἄειρε, τὰ δαίδαλα δ’ ἄτρἰ ἐπῄνει·"
Epithalamium Achillis et Deidameiae,1,25,True,LSSLLLSSLSSLSSLL,LSSLLLSSLSSLSSLL,0.0,1,3,,η:L:nature+position ι:S:unknown ε:S:nature ου:L:nature α:L:position α:L:nature υ:S:lexicon ο:S:nature α:L:unknown ι:S:unknown ι:S:antepenult_accent α:L:lexicon α:S:lexicon ε:S:nature οι:L:nature ει:L:line_final,"ἤσθιε δ’ οὐκ ἄλλᾳ σὺν ὁμάλικι, πάντα δ’ ἐποίει"
Epithalamium Achillis et Deidameiae,1,26,True,LLLSSLSSLSSLSSLL,LLLSSLSSLSSLSSLL,0.0,1,0,,ευ:L:nature ω:L:nature+position οι:L:nature ο:S:nature ε:S:nature υ:L:paroxytone_short_ultima ο:S:nature ε:S:nature ε:L:position ε:S:nature υ:S:lexicon αι:L:nature ο:S:nature ο:S:nature αυ:L:nature α:L:line_final,σπεύδων κοινὸν ἐς ὕπνον. ἔλεξέ νυ καὶ λόγον αὐτᾷ·
Epithalamium Achillis et Deidameiae,1,27,True,LLLLLSSLLLSSLL,LLLLLSSLLLSSLL,0.0,1,2,,α:L:paroxytone_short_ultima αι:L:nature ε:L:position ω:L:nature+position ου:L:nature ι:S:antepenult_accent υ:S:lexicon α:L:position α:L:unknown αι:L:nature ι:S:antepenult_accent α:S:unknown ε:L:position αι:L:line_final,"ἅλλαι μὲν κνώσσουσι σὺν ἀλλάλαισιν ἀδελφαί,"
Epithalamium Achillis et Deidameiae,1,28,True,LSSLLLLLSSLSSLL,LSSLLLLLSSLSSLL,0.0,1,3,,αυ:L:nature α:S:lexicon ε:S:nature ω:L:nature ω:L:nature α:L:unknown ω:L:nature α:L:unknown ε:S:nature υ:S:lexicon υ:L:paroxytone_short_ultima α:S:lexicon α:S:unknown ευ:L:nature ει:L:line_final,"αὐτὰρ ἐγὼ μώνα, μώνα δὲ σὺ νύμφα καθεύδεις."
Epithalamium Achillis et Deidameiae,1,29,True,LSSLSSLSSLSSLSSLL,LSSLSSLSSLSSLSSLL,0.0,1,3,,αι:L:nature υ:S:lexicon ο:S:nature α:L:position ε:S:nature ι:S:lexicon αι:L:nature υ:S:unknown ο:S:nature α:L:unknown ι:S:unknown ε:S:nature αι:L:nature υ:S:lexicon ο:S:nature α:L:lexicon αι:L:line_final,"αἱ δύο παρθενικαὶ συνομάλικες, αἱ δύο καλαί·"
Epithalamium Achillis et Deidameiae,1,30,True,LSSLSSLSSLSSLSSLL,LSSLSSLSSLSSLSSLL,0.0,1,3,,α:L:position α:S:lexicon ο:S:nature αι:L:nature α:S:lexicon α:S:lexicon ε:L:position α:S:unknown α:S:unknown ευ:L:nature ο:S:nature ε:S:nature α:L:unknown ε:S:nature ο:S:nature η:L:nature α:L:line_final,ἀλλὰ μόναι κατὰ λέκτρα καθεύδομες· ἁ δὲ πονηρὰ
Epithalamium Achillis et Deidameiae,1,31,True,LLLSSLSSLSSLSSLL,LLLSSLSSLSSLSSLL,0.0,1,4,,υ:L:unknown αι:L:nature α:L:unknown ο:S:nature ι:S:unknown α:L:unknown ε:S:nature α:S:lexicon ω:L:nature α:S:lexicon ο:S:nature ει:L:nature ο:S:nature ε:S:nature ι:L:position ει:L:line_final,Νυσαία δολία με κακῶς ἀπὸ σεῖο μερίσδει.
Epithalamium Achillis et Deidameiae,1,32,True,LSSLSL,LSSLSL,99.0,0,0,unmetrical,ου:L:nature α:S:lexicon ε:S:nature ω:L:nature ε:S:nature ο:L:line_final,οὐ γὰρ ἐγὼ σέο ...
Fragmenta,3,1,True,LSSLLLLLSSLSSLL,LSSLLLLLSSLSSLL,0.0,1,2,,ει:L:nature α:S:unknown ο:S:nature ω:L:nature υ:L:position ω:L:nature η:L:nature ει:L:nature α:S:lexicon ο:S:nature η:L:nature+position ι:S:unknown ο:S:nature ω:L:nature ω:L:line_final,Εἴαρος ὦ Μύρσων ἢ χείματος ἢ φθινοπώρω
Fragmenta,3,2,True,LSSLSSLSSLSSLSSLL,LSSLSSLSSLSSLSSLL,2.0,1,2,correption,η:L:nature ε:S:nature ε:S:nature ο:L:position ι:S:lexicon οι:S:nature α:L:unknown υ:S:unknown ι:S:lexicon ε:L:position ε:S:nature ο:S:nature ευ:L:nature ε:S:nature αι:S:nature ε:L:position ει:L:line_final,ἢ θέρεος τί τοι ἁδύ; τί δὲ πλέον εὔχεαι ἐλθεῖν;
Fragmenta,3,3,True,LSSLSSLSSLSSLSSLL,LSSLSSLSSLSSLSSLL,0.5,1,3,correption,η:L:nature ε:S:nature ο:S:nature α:L:unknown ι:S:unknown α:S:unknown α:L:lexicon α:S:lexicon ε:S:nature ει:L:nature ε:S:nature αι:S:nature ο:L:position α:S:lexicon ο:S:nature ευ:L:nature ε:L:line_final,"ἢ θέρος, ἁνίκα πάντα τελείεται ὅσσα μογεῦμες;"
Fragmenta,3,4,True,LSSLSSLSSLSSLSSLL,LSSLSSLSSLSSLSSLL,0.0,1,2,,η:L:nature+position υ:S:unknown ε:S:nature ο:L:position ι:S:unknown ο:S:nature ω:L:nature ο:S:nature ο:S:nature α:L:lexicon α:S:lexicon ι:S:lexicon ι:L:lexicon ο:S:nature ε:S:nature α:L:position α:L:lexicon,"ἢ γλυκερὸν φθινόπωρον, ὅτ’ ἀνδράσι λιμὸς ἐλαφρά;"
Fragmenta,3,5,True,LLLSSLSSLLLSSLL,LLLSSLSSLLLSSLL,0.0,1,2,,η:L:nature αι:L:nature ει:L:nature α:S:lexicon υ:S:unknown ε:L:position ο:S:nature ε:S:nature ει:L:nature αι:L:nature ει:L:nature α:S:unknown ι:S:antepenult_accent ο:L:position οι:L:line_final,ἢ καὶ χεῖμα δύσεργον; ἐπεὶ καὶ χείματι πολλοὶ
Fragmenta,3,6,True,LSSLLLSSLLLSSLL,LSSLLLSSLLLSSLL,1.0,1,1,correption,α:L:position ο:S:nature ε:S:nature οι:L:nature ε:L:position ο:L:position αι:S:nature α:S:unknown ε:L:position ει:L:nature α:L:nature ε:S:nature αι:S:nature ο:L:position ω:L:line_final,θαλπόμενοι θέλγονται ἀεργείᾳ τε καὶ ὄκνῳ·
Fragmenta,3,7,True,LLLSSLSSLSSLSSLL,LLLSSLSSLSSLSSLL,0.0,1,0,,η:L:nature οι:L:nature α:L:lexicon ο:S:nature ε:S:nature α:L:lexicon ε:S:nature ο:S:nature ευ:L:nature α:S:lexicon ε:S:nature ει:L:nature ε:S:nature ι:S:lexicon οι:L:nature+position η:L:line_final,"ἤ τοι καλὸν ἔαρ πλέον εὔαδεν; εἰπέ, τί τοι φρήν"
Fragmenta,3,8,True,LLLSSLSSLSSLSSLL,LLLSSLSSLSSLSSLL,0.0,1,3,,αι:L:nature ει:L:nature αι:L:nature α:S:unknown ε:S:nature ει:L:nature+position α:S:lexicon ε:S:nature ε:L:position α:S:unknown ε:S:nature α:L:position ο:S:nature α:S:unknown α:L:paroxytone_short_ultima ι:L:lexicon,αἱρεῖται; λαλέειν γὰρ ἐπέτραπεν ἁ σχολὰ ἄμμιν.
Fragmenta,3,9,True,LLLSSLSSLSSLSSLL,LLLSSLSSLSSLSSLL,1.0,1,2,lexicon_overridden,ι:L:unknown ει:L:nature ου:L:nature ε:S:nature ε:S:nature οι:L:nature ε:S:nature ε:S:nature η:L:nature ι:S:unknown α:S:antepenult_accent ε:L:position α:S:lexicon ο:S:nature οι:L:nature ι:L:lexicon,κρίνειν οὐκ ἐπέοικε θεήια ἔργα βροτοῖσι·
Fragmenta,3,10,True,LSSLSSLSSLSSLSSLL,LSSLSSLSSLSSLSSLL,0.5,1,3,correption,α:L:lexicon α:S:lexicon α:S:lexicon ι:L:lexicon ε:S:nature α:S:lexicon αυ:L:nature α:S:lexicon αι:S:nature α:L:unknown ε:S:nature α:S:unknown ευ:L:nature ε:S:nature ε:S:nature α:L:unknown ι:L:antepenult_accent,πάντα γὰρ ἱερὰ ταῦτα καὶ ἁδέα· σεῦ δὲ ἕκατι
Fragmenta,3,11,True,LSSLSSLSSLSSLSSLL,LSSLSSLSSLSSLSSLL,0.0,1,3,,ε:L:position ε:S:nature ε:S:nature ω:L:nature+position ε:S:nature ο:S:nature α:L:unknown ε:S:nature ο:S:nature οι:L:nature ε:S:nature ε:S:nature α:L:unknown ι:S:unknown ο:S:nature α:L:position ω:L:line_final,"ἐξερέω Κλεόδαμε, τό μοι πέλεν ἅδιον ἄλλων."
Fragmenta,3,12,True,LSSLSSLSSLSSLSSLL,LSSLSSLSSLSSLSSLL,1.0,1,1,lexicon_overridden,ου:L:nature ε:S:nature ε:S:nature ω:L:nature ε:S:nature ο:S:nature η:L:nature ε:S:nature ε:S:nature ει:L:nature ο:S:nature α:S:unknown α:L:lexicon ι:S:lexicon ο:S:nature ο:L:position η:L:line_final,"οὐκ ἐθέλω θέρος ἦμεν, ἐπεὶ τόκα μ’ ἅλιος ὀπτῇ."
Fragmenta,3,13,True,LSSLSSLSSLSSLSSLL,LSSLSSLSSLSSLSSLL,0.0,1,1,,ου:L:nature ε:S:nature ε:S:nature ω:L:nature+position ι:S:unknown ο:S:nature ω:L:nature ο:S:nature ε:S:nature ει:L:nature ο:S:nature ο:S:nature ω:L:nature ι:S:lexicon α:S:lexicon ι:L:position ει:L:line_final,"οὐκ ἐθέλω φθινόπωρον, ἐπεὶ νόσον ὥρια τίκτει."
Fragmenta,3,14,True,LLLSSLSSLLLSSLL,LLLSSLSSLLLSSLL,0.0,1,2,,ου:L:nature ο:L:position ει:L:nature α:S:lexicon ε:S:nature ει:L:nature+position ι:S:unknown ε:S:nature ο:L:position υ:L:unknown ω:L:nature+position ε:S:nature ο:S:nature ευ:L:nature αι:L:line_final,οὖλον χεῖμα φέρειν· νιφετὸν κρυμώς τε φοβεῦμαι.
Fragmenta,3,15,True,LSSLSSLSSLSSLSSLL,LSSLSSLSSLSSLSSLL,0.0,1,3,,ει:L:nature α:S:properispomenon ε:S:nature οι:L:nature+position ι:S:unknown ο:S:nature η:L:nature ο:S:nature ο:S:nature ω:L:nature υ:S:unknown α:S:unknown α:L:position ι:S:antepenult_accent α:S:lexicon ει:L:nature η:L:line_final,"εἶαρ ἐμοὶ τριπόθητον ὅλῳ λυκάβαντι παρείη,"
Fragmenta,3,16,True,LSSLSSLLLSSLSSLL,LSSLSSLLLSSLSSLL,2.0,1,5,cluster_short;lexicon_overridden,α:L:unknown ι:S:unknown α:S:unknown η:L:nature ε:S:position υ:S:paroxytone_short_ultima ο:L:position η:L:nature α:L:lexicon ι:S:lexicon ο:S:nature α:L:paroxytone_short_ultima ε:S:nature α:S:unknown υ:L:unknown ει:L:line_final,ἁνίκα μήτε κρύος μήθ’ ἅλιος ἄμμε βαρύνει.
Fragmenta,3,17,True,LSSLSSLLLSSLSSLL,LSSLSSLLLSSLSSLL,1.0,1,4,cluster_short,ει:L:nature α:S:unknown ι:S:antepenult_accent α:L:lexicon α:S:lexicon υ:S:unknown ει:L:nature α:L:position ει:L:nature α:S:unknown ο:S:nature α:L:unknown ε:S:nature α:S:position α:L:position ει:L:line_final,"εἴαρι πάντα κύει, πάντ’ εἴαρος ἁδέα βλαστεῖ,"
Fragmenta,3,18,True,LLLLLSSLSSLSSLL,LLLLLSSLSSLSSLL,0.5,1,4,correption,α:L:unknown υ:L:position α:L:position ω:L:nature οι:L:nature ι:S:lexicon ι:S:unknown α:L:unknown αι:S:nature ο:S:nature οι:L:nature ι:S:lexicon ο:S:nature α:L:unknown ω:L:line_final,χἀ νὺξ ἀνθρώποισιν ἴσα καὶ ὁμοίιος ἀώς
Fragmenta,4,1,True,LLLSSLSSLSSLLLL,LLLSSLSSLSSLLLL,1.5,1,2,,ι:L:position ευ:L:nature α:L:unknown ε:S:nature ι:S:lexicon ω:L:nature ο:S:nature ε:S:nature α:L:position ε:S:nature ι:S:antepenult_accent ε:L:position α:L:unknown ε:L:position ι:L:antepenult_accent,Ἰξευτὰς ἔτι κῶρος ἐν ἄλσεϊ δενδράεντι
Fragmenta,4,2,True,LSSLLLSSLSSLSSLL,LSSLLLSSLSSLSSLL,0.0,1,1,,ο:L:position ε:S:nature α:S:antepenult_accent η:L:nature ευ:L:nature ω:L:nature+position ο:S:nature α:S:unknown ο:L:position ο:S:nature ο:S:nature ει:L:nature ε:S:nature ε:S:nature ω:L:nature α:L:antepenult_accent,ὄρνεα θηρεύων τὸν ἀπότροπον εἶδεν Ἔρωτα
Fragmenta,4,3,True,LSSLLLSSLSSLSSLL,LSSLLLSSLSSLSSLL,0.0,1,0,,ε:L:position ο:S:nature ε:S:nature ο:L:position υ:L:position οι:L:nature ο:S:nature ο:S:nature ι:L:lexicon α:S:paroxytone_short_ultima ο:S:nature ω:L:nature+position ε:S:nature ο:S:nature η:L:nature ε:L:line_final,"ἑσδόμενον πύξοιο ποτὶ κλάδον· ὡς δ’ ἐνόησε,"
Fragmenta,4,4,True,LLLSSLSSLSSLSSLL,LLLSSLSSLSSLSSLL,0.0,1,0,,αι:L:nature ω:L:nature ω:L:nature ε:S:nature α:S:antepenult_accent η:L:nature ε:S:nature α:S:lexicon αι:L:nature ε:S:nature ο:S:nature ω:L:nature+position ε:S:nature ο:S:nature αυ:L:nature ω:L:line_final,"χαίρων ὥνεκα δὴ μέγα φαίνετο τὤρνεον αὐτῷ,"
Fragmenta,4,5,True,LSSLSSLSSLLLSSLL,LSSLSSLSSLLLSSLL,0.0,1,4,,ω:L:nature+position α:S:unknown α:S:unknown ω:L:nature α:S:lexicon α:S:lexicon α:L:lexicon α:S:lexicon ε:S:nature α:L:position α:L:unknown οι:L:nature ι:S:antepenult_accent υ:S:unknown α:L:position ω:L:line_final,τὼς καλάμως ἅμα πάντας ἐπ’ ἀλλάλοισι συνάπτων
Fragmenta,4,6,True,LLLSSLSSLSSLSSLL,LLLSSLSSLSSLSSLL,0.0,1,0,,α:L:nature αι:L:nature α:L:nature ο:S:nature ε:S:nature ω:L:nature α:S:antepenult_accent ε:S:nature α:L:position ε:S:nature ο:S:nature α:L:position ε:S:nature ο:S:nature ευ:L:nature ε:L:line_final,τᾷ καὶ τᾷ τὸν Ἔρωτα μετάλμενον ἀμφεδόκευε.
Fragmenta,4,7,True,LLLSSLSSLSSLSSLL,LLLSSLSSLSSLSSLL,0.0,1,4,,ω:L:nature αι:L:nature α:L:position α:S:unknown α:S:unknown ω:L:nature ο:S:nature α:S:unknown οι:L:nature ε:S:nature ο:S:nature ου:L:nature ε:S:nature α:S:unknown α:L:position η:L:line_final,"χὠ παῖς ἀσχαλάων, ὅκα οἱ τέλος οὐδὲν ἀπάντη,"
Fragmenta,4,8,True,LSSLLLSSLSSLSSLL,LSSLLLSSLSSLSSLL,1.0,1,4,cluster_short,ω:L:nature+position α:S:unknown α:S:unknown ω:L:nature+position ι:L:position α:L:position ο:S:nature α:S:unknown ο:L:position ε:S:nature α:S:position ε:L:position υ:S:unknown ι:S:lexicon α:L:lexicon ε:L:line_final,"τὼς καλάμως ῥίψας ποτ’ ἀροτρέα πρέσβυν ἵκανεν,"
Fragmenta,4,9,True,LLLSSLSSLSSLSSLL,LLLSSLSSLSSLSSLL,1.0,1,3,cluster_short,ο:L:position ι:L:position α:L:paroxytone_short_ultima ε:S:nature ε:S:position α:L:unknown ε:S:nature ι:S:unknown α:L:position α:S:unknown ο:S:nature αι:L:nature ε:S:nature ε:S:nature αυ:L:nature ω:L:line_final,"ὅς νιν τάνδε τέχναν ἐδιδάξατο, καὶ λέγεν αὐτῷ,"
Fragmenta,4,10,True,LLLSSLSSLSSLSSLL,LLLSSLSSLSSLSSLL,1.0,1,1,cluster_short,αι:L:nature οι:L:nature ει:L:nature+position ε:S:nature ε:S:nature ω:L:nature α:S:antepenult_accent α:S:unknown η:L:nature ε:S:nature ο:S:nature αυ:L:nature α:S:lexicon ο:S:position ε:L:position υ:L:line_final,καί οἱ δεῖξεν Ἔρωτα καθήμενον. αὐτὰρ ὁ πρέσβυς
Fragmenta,4,11,True,LSSLLLSSLSSLSSLL,LSSLLLSSLSSLSSLL,0.5,1,3,correption,ει:L:nature ι:S:unknown α:S:unknown ω:L:nature+position ι:L:unknown η:L:nature ε:S:nature α:S:lexicon η:L:nature αι:S:nature α:S:lexicon ει:L:nature ε:S:nature ο:S:nature αι:L:nature α:L:lexicon,μειδιάων κίνησε κάρη καὶ ἀμείβετο παῖδα·
Fragmenta,4,12,True,LSSLLLLLSSLSSLL,LSSLLLLLSSLSSLL,0.0,1,0,,ει:L:nature ε:S:nature ο:S:nature α:L:circumflex η:L:nature α:L:position η:L:nature ε:L:position ο:S:nature ε:S:nature ω:L:nature+position ε:S:nature ο:S:nature ε:L:position ευ:L:line_final,"φείδεο τᾶς θήρας, μηδ’ ἐς τόδε τὤρνεον ἔρχευ."
Fragmenta,4,13,True,LSSLSSLSSLSSLSSLL,LSSLSSLSSLSSLSSLL,1.0,1,0,cluster_short,ευ:L:nature ε:S:nature α:S:position α:L:position α:S:lexicon ο:S:nature ε:L:position ι:S:lexicon ο:S:nature η:L:nature ι:S:paroxytone_short_ultima ο:S:nature ο:L:position ι:S:lexicon ο:S:nature ε:L:position η:L:line_final,"φεῦγε μακράν. κακόν ἐστι τὸ θηρίον. ὄλβιος ἐσσῇ,"
Fragmenta,4,14,True,LSSLSSLLLSSLSSLL,LSSLSSLLLSSLSSLL,1.0,1,2,cluster_short,ει:L:nature ο:S:nature α:S:unknown η:L:nature ι:S:unknown ε:S:nature η:L:nature η:L:nature+position α:L:lexicon ε:S:nature ο:S:nature ε:L:position ε:S:position ο:S:nature ε:L:position η:L:line_final,"εἰσόκα μή νιν ἕλῃς· ἢν δ’ ἀνέρος ἐς μέτρον ἔλθῃς,"
Fragmenta,4,15,True,LSSLLLSSLSSLSSLL,LSSLLLSSLSSLSSLL,0.5,1,1,correption,ου:L:nature ο:S:nature ο:S:nature υ:L:lexicon ευ:L:nature ω:L:nature+position αι:S:nature α:S:unknown α:L:position ε:S:nature ο:S:nature αυ:L:nature ο:S:nature α:S:lexicon αυ:L:nature ω:L:line_final,οὗτος ὁ νῦν φεύγων καὶ ἀπάλμενος αὐτὸς ἀφ’ αὑτῶ
Fragmenta,4,16,True,LLLSSLSSLSSLSSLL,LLLSSLSSLSSLSSLL,0.0,1,5,,ε:L:position ω:L:nature ε:L:position α:S:unknown ι:S:unknown α:L:position ε:S:nature α:S:unknown α:L:unknown ε:S:nature ι:S:lexicon ει:L:nature ο:S:nature α:S:unknown ι:L:position ει:L:line_final,ἐλθὼν ἐξαπίνας κεφαλὰν ἔπι σεῖο καθιξεῖ.
Fragmenta,5,1,True,LSSLLLSSLLLSSLL,LSSLLLSSLLLSSLL,0.0,1,2,,α:L:unknown ε:S:nature α:S:lexicon α:L:lexicon οι:L:nature υ:L:paroxytone_short_ultima ι:S:lexicon ε:S:nature υ:L:position ω:L:nature ο:L:position ι:S:antepenult_accent α:S:unknown ε:L:position α:L:line_final,"Ἁ μεγάλα μοι Κύπρις ἔθ’ ὑπνώοντι παρέστα,"
Fragmenta,5,2,True,LSSLSSLSSLLLSSLL,LSSLSSLSSLLLSSLL,0.0,1,2,,η:L:nature ι:S:lexicon α:S:lexicon ο:L:position ο:S:nature ε:S:nature ω:L:nature α:S:antepenult_accent α:S:unknown α:L:circumflex ε:L:position ει:L:nature ο:S:nature α:S:unknown οι:L:nature α:L:antepenult_accent,νηπίαχον τὸν Ἔρωτα καλᾶς ἐκ χειρὸς ἄγοισα
Fragmenta,5,3,True,LSSLLLSSLSSLSSLL,LSSLLLSSLSSLSSLL,1.5,1,1,correption,ε:L:position ο:S:nature α:S:lexicon ευ:L:nature+position α:L:position ο:L:position α:S:antepenult_accent ο:S:nature ο:L:position ε:S:nature οι:S:nature ε:L:position α:S:unknown ε:S:nature υ:L:lexicon ο:L:line_final,"ἐς χθόνα νευστάζοντα, τόσον δέ μοι ἔφρασε μῦθον·"
Fragmenta,5,4,True,LLLSSLSSLSSLSSLL,LLLSSLSSLSSLSSLL,0.0,1,1,,ε:L:position ει:L:nature+position οι:L:nature ι:S:lexicon ε:S:nature ου:L:nature α:S:properispomenon α:S:lexicon ω:L:nature+position ο:S:nature ε:S:nature ω:L:nature α:S:antepenult_accent ι:S:unknown α:L:position ε:L:line_final,μέλπειν μοι φίλε βοῦτα λαβὼν τὸν Ἔρωτα δίδασκε.
Fragmenta,5,5,True,LSSLSSLSSLSSLSSLL,LSSLSSLSSLSSLSSLL,0.0,1,3,,ω:L:nature+position ε:S:nature ε:S:nature α:L:unknown ε:S:nature α:S:unknown η:L:nature+position ε:S:nature ε:S:nature ω:L:nature ο:S:nature α:S:lexicon ου:L:nature ο:S:nature ι:S:unknown α:L:position ο:L:line_final,"ὣς λέγε· χἂ μὲν ἀπῆνθεν, ἐγὼ δ’ ὅσα βουκολίασδον,"
Fragmenta,5,6,True,LSSLSSLSSLSSLSSLL,LSSLSSLSSLSSLSSLL,0.0,1,2,,η:L:nature ι:S:lexicon ο:S:nature ω:L:nature ε:S:nature ε:S:nature ο:L:position α:S:lexicon α:S:unknown ει:L:nature+position ο:S:nature ε:S:nature ω:L:nature α:S:antepenult_accent ι:S:unknown α:L:position ο:L:line_final,"νήπιος ὡς ἐθέλοντα μαθεῖν τὸν Ἔρωτα δίδασκον,"
Fragmenta,5,7,True,LLLSSLSSLLLSSLL,LLLSSLSSLLLSSLL,0.0,1,5,,ω:L:nature ευ:L:nature ε:L:position α:S:unknown ι:S:unknown αυ:L:nature ο:S:nature ο:S:nature α:L:unknown ω:L:nature αυ:L:nature ο:S:nature α:S:unknown α:L:unknown α:L:line_final,"ὡς εὗρε πλαγίαυλον ὁ Πάν, ὡς αὐλὸν Ἀθάνα,"
Fragmenta,5,8,True,LSSLLLSSLLLSSLL,LSSLLLSSLLLSSLL,1.0,1,4,lexicon_overridden,ω:L:nature+position ε:S:nature υ:S:unknown ε:L:position α:L:unknown ω:L:nature+position ι:S:lexicon α:S:lexicon ι:L:lexicon ω:L:nature α:L:unknown υ:S:unknown α:S:lexicon ο:L:position ω:L:line_final,"ὡς χέλυν Ἑρμάων, κίθαριν ὡς ἁδὺς Ἀπόλλων."
Fragmenta,5,9,True,LSSLSSLSSLLLSSLL,LSSLSSLSSLLLSSLL,0.0,1,2,,αυ:L:nature α:S:lexicon ι:S:unknown ε:L:position ε:S:nature ι:S:unknown α:L:position ο:S:nature ο:S:nature ου:L:nature ε:L:position α:L:position ε:S:nature ο:S:nature υ:L:lexicon ω:L:line_final,"ταῦτά νιν ἐξεδίδασκον· ὃ δ’ οὐκ ἐμπάζετο μύθων,"
Fragmenta,5,10,True,LSSLSSLSSLSSLSSLL,LSSLSSLSSLSSLSSLL,0.5,1,4,correption,α:L:position α:S:lexicon οι:S:nature αυ:L:nature ο:S:nature α:S:unknown ει:L:nature ε:S:nature ε:S:nature ω:L:nature υ:S:unknown α:S:unknown αι:L:nature ε:S:nature ι:S:unknown α:L:position ε:L:line_final,"ἀλλά μοι αὐτὸς ἄειδεν ἐρωτύλα, καί μ’ ἐδίδασκε"
Fragmenta,5,11,True,LLLSSLSSLLLSSLL,LLLSSLSSLLLSSLL,0.0,1,2,,α:L:unknown ω:L:nature α:L:lexicon α:S:lexicon α:S:lexicon ω:L:nature+position ε:S:nature ο:S:nature ω:L:nature+position αι:L:nature α:L:unknown ε:S:nature ο:S:nature ε:L:position α:L:lexicon,θνατῶν ἀθανάτων τε πόθως καὶ ματέρος ἔργα.
Fragmenta,5,12,True,LLLSSLSSLSSLSSLL,LLLSSLSSLSSLSSLL,0.0,1,2,,η:L:nature ω:L:nature ε:L:position α:S:unknown ο:S:nature α:L:position ε:S:nature ο:S:nature ω:L:nature+position ο:S:nature ε:S:nature ω:L:nature ε:S:nature ι:S:unknown α:L:position ο:L:line_final,"κἠγὼν ἐκλαθόμαν μὲν ὅσων τὸν Ἔρωτ’ ἐδίδασκον,"
Fragmenta,5,13,True,LSSLSSLSSLSSLSSLL,LSSLSSLSSLSSLSSLL,0.0,1,4,,ο:L:position α:S:lexicon ε:S:nature ω:L:nature+position ε:S:nature ι:S:unknown α:L:position ε:S:nature ε:S:nature ω:L:nature υ:S:unknown α:S:unknown α:L:position ε:S:nature ι:S:unknown α:L:position η:L:line_final,ὅσσα δ’ Ἔρως μ’ ἐδίδαξεν ἐρωτύλα πάντ’ ἐδιδάχθην.
Fragmenta,6,1,True,LLLSSLSSLSSLSSLL,LLLSSLSSLSSLSSLL,0.0,1,0,,αι:L:nature οι:L:nature αι:L:nature ο:S:nature ε:S:nature ω:L:nature α:S:antepenult_accent ο:S:nature α:L:position ι:S:lexicon ο:S:nature ου:L:nature ο:S:nature ε:S:nature ο:L:position αι:L:line_final,Ταὶ Μοῖσαι τὸν Ἔρωτα τὸν ἄγριον οὐ φοβέονται
Fragmenta,6,2,True,LLLSSLSSLSSLSSLL,LLLSSLSSLSSLSSLL,3.0,1,2,correption,ε:L:position υ:L:unknown ω:L:nature ε:S:nature ι:S:unknown ευ:L:nature+position ι:S:properispomenon αι:S:nature ε:L:position ο:S:nature ο:S:nature αυ:L:nature ω:S:nature ε:S:nature ο:L:position αι:L:line_final,ἐκ θυμῶ δὲ φιλεῦντι καὶ ἐκ ποδὸς αὐτῷ ἕπονται.
Fragmenta,6,3,True,LSSLLLSSLSSLSSLL,LSSLLLSSLSSLSSLL,0.0,1,3,,η:L:nature+position ε:S:nature α:S:lexicon α:L:lexicon υ:L:unknown α:L:position ι:S:lexicon ε:S:nature ω:L:nature α:S:unknown ε:S:nature α:L:position ο:S:nature α:S:unknown ει:L:nature η:L:line_final,"κἢν μὲν ἄρα ψυχάν τις ἔχων ἀνέραστον ἀείδῃ,"
Fragmenta,6,4,True,LSSLLLSSLSSLSSLL,LSSLLLSSLSSLSSLL,0.5,1,2,correption,η:L:nature ο:S:nature υ:S:unknown ε:L:position ευ:L:nature ο:L:position ι:S:antepenult_accent αι:S:nature ου:L:nature ε:S:nature ε:S:nature ο:L:position ι:S:antepenult_accent ι:S:unknown α:L:position ει:L:line_final,τῆνον ὑπεκφεύγοντι καὶ οὐκ ἐθέλοντι διδάσκειν·
Fragmenta,6,5,True,LSSLSSLSSLSSLSSLL,LSSLSSLSSLSSLSSLL,0.0,1,2,,η:L:nature+position ε:S:nature ο:S:nature ο:L:position ι:S:lexicon ε:S:nature ω:L:nature ι:S:antepenult_accent ο:S:nature ευ:L:nature ε:S:nature ο:S:nature α:L:unknown υ:S:unknown ε:S:nature ι:L:position η:L:line_final,"ἢν δὲ νόον τις Ἔρωτι δονεύμενος ἁδὺ μελίσδῃ,"
Fragmenta,6,6,True,LLLSSLSSLSSLSSLL,LLLSSLSSLSSLSSLL,1.5,1,0,correption,ε:L:position η:L:nature ο:L:position α:S:lexicon α:S:lexicon α:L:lexicon αι:S:nature ε:S:nature ει:L:nature ο:S:nature ε:S:nature αι:L:nature+position ο:S:nature ε:S:nature ο:L:position ι:L:lexicon,ἐς τῆνον μάλα πᾶσαι ἐπειγόμεναι προρέοντι.
Fragmenta,6,7,True,LSSLSSLSSLSSLSSLL,LSSLSSLSSLSSLSSLL,0.0,1,3,,α:L:position υ:S:unknown ε:S:nature ω:L:nature ο:S:nature ι:S:lexicon υ:L:lexicon ο:S:nature ο:S:nature ε:L:position ε:S:nature ο:S:nature α:L:lexicon ι:S:lexicon α:S:unknown α:L:unknown η:L:line_final,"μάρτυς ἐγών, ὅτι μῦθος ὅδ’ ἔπλετο πᾶσιν ἀλαθής."
Fragmenta,6,8,True,LLLSSLSSLSSLSSLL,LLLSSLSSLSSLSSLL,0.5,1,0,correption,η:L:nature+position ε:L:position α:L:lexicon ο:S:nature ο:S:nature α:L:paroxytone_short_ultima ο:S:nature η:S:nature α:L:lexicon α:S:lexicon α:S:lexicon ω:L:nature+position ι:S:lexicon α:S:lexicon ε:L:position ω:L:line_final,"ἢν μὲν γὰρ βροτὸν ἄλλον ἢ ἀθανάτων τινὰ μέλπω,"
Fragmenta,6,9,True,LLLLLSSLSSLSSLL,LLLLLSSLSSLSSLL,0.5,1,1,correption,α:L:position αι:L:nature ει:L:nature οι:L:nature+position ω:L:nature+position α:S:lexicon αι:S:nature ω:L:nature+position α:S:lexicon ο:S:nature ου:L:nature ε:S:nature α:S:unknown ει:L:nature ει:L:line_final,βαμβαίνει μοι γλῶσσα καὶ ὡς πάρος οὐκέτ’ ἀείδει·
Fragmenta,6,10,True,LLLSSLSSLSSLSSLL,LLLSSLSSLSSLSSLL,1.5,1,2,correption,η:L:nature+position αυ:L:nature ε:L:position ο:S:nature ε:S:nature ω:L:nature α:S:antepenult_accent αι:S:nature ε:L:position υ:S:unknown ι:S:unknown α:L:position ι:S:lexicon ε:S:nature ι:L:position ω:L:line_final,"ἢν δ’ αὖτ’ ἐς τὸν Ἔρωτα καὶ ἐς Λυκίδαν τι μελίσδω,"
Fragmenta,6,11,True,LSSLLLSSLSSLSSLL,LSSLLLSSLSSLSSLL,0.5,1,1,correption,αι:L:nature ο:S:nature α:S:unknown οι:L:nature αι:L:nature οι:L:nature α:S:antepenult_accent ι:S:lexicon α:L:lexicon ο:S:nature α:S:lexicon ο:L:position ε:S:nature ει:S:nature αυ:L:nature α:L:line_final,καὶ τόκα μοι χαίροισα διὰ στόματος ῥέει αὐδά.
Fragmenta,7,1,True,LLLSSLSSLSSLSSLL,LLLSSLSSLSSLSSLL,0.0,1,1,,ου:L:nature οι:L:nature ου:L:nature ε:S:nature ε:S:nature οι:L:nature ε:S:nature α:S:lexicon η:L:nature α:S:unknown ο:S:nature ε:L:position ο:S:nature ε:S:nature ε:L:position αι:L:line_final,"Οὐκ οἶδ’, οὐδ’ ἐπέοικεν ἃ μὴ μάθομες πονέεσθαι."
Fragmenta,7,2,True,LLLSSLSSLSSLSSLL,LLLSSLSSLSSLSSLL,0.0,1,1,,ει:L:nature οι:L:nature α:L:lexicon α:S:lexicon ε:S:nature ει:L:nature α:S:lexicon ε:S:nature υ:L:position ι:S:unknown α:S:antepenult_accent αι:L:nature α:S:lexicon ε:S:nature ω:L:nature α:L:properispomenon,"εἴ μοι καλὰ πέλει τὰ μελύδρια, καὶ τάδε μῶνα"
Fragmenta,7,3,True,LSSLLLSSLSSLSSLL,LSSLLLSSLSSLSSLL,0.0,1,0,,υ:L:lexicon ο:S:nature ε:S:nature οι:L:nature η:L:nature ο:L:position ι:S:antepenult_accent α:S:lexicon οι:L:nature α:S:lexicon ο:S:nature ω:L:nature α:S:lexicon ε:S:nature οι:L:nature α:L:lexicon,"κῦδος ἐμοὶ θήσοντι, τά μοι πάρος ὤπασε Μοῖρα·"
Fragmenta,7,4,True,LLLSSLSSLSSLSSLL,LLLSSLSSLSSLSSLL,1.0,1,2,lexicon_overridden,ει:L:nature ου:L:nature α:L:unknown ε:S:nature α:S:unknown αυ:L:nature α:S:lexicon ι:S:lexicon οι:L:nature ο:S:nature ι:S:lexicon ει:L:nature ο:S:nature α:S:lexicon ο:L:position ει:L:line_final,"εἰ δ’ οὐχ ἁδέα ταῦτα, τί μοι ποτὶ πλείονα μοχθεῖν;"
Fragmenta,7,5,True,LLLSSLSSLSSLSSLL,LLLSSLSSLSSLSSLL,1.0,1,1,cluster_short,ει:L:nature ε:L:position α:L:lexicon ι:S:unknown ο:S:nature ω:L:nature ι:S:position ο:S:nature ο:L:position ο:S:nature ο:S:nature α:L:paroxytone_short_ultima ι:S:lexicon ε:S:nature ω:L:nature ε:L:line_final,εἰ μὲν γὰρ βιότω διπλόον χρόνον ἄμμιν ἔδωκεν
Fragmenta,7,6,True,LSSLLLSSLSSLSSLL,LSSLLLSSLSSLSSLL,0.0,1,4,,η:L:nature+position ο:S:nature ι:S:unknown α:L:unknown η:L:nature οι:L:nature α:S:lexicon ο:S:nature υ:L:position ο:S:nature ο:S:nature ω:L:nature+position α:S:unknown υ:S:unknown ε:L:position αι:L:line_final,"ἢ Κρονίδας ἢ Μοῖρα πολύτροπος, ὥστ’ ἀνύεσθαι"
Fragmenta,7,7,True,LSSLSSLLLSSLSSLL,LSSLSSLLLSSLSSLL,0.0,1,1,,ο:L:position ε:S:nature ε:S:nature ευ:L:nature+position ο:S:nature υ:S:unknown α:L:position αι:L:nature α:L:position α:S:lexicon α:S:lexicon ο:L:position ε:S:nature ι:S:lexicon ο:L:position ω:L:line_final,"τὸν μὲν ἐς εὐφροσύναν καὶ χάρματα, τὸν δ’ ἐπὶ μόχθῳ,"
Fragmenta,7,8,True,LSSLLLSSLSSLSSLL,LSSLLLSSLSSLSSLL,0.0,1,1,,η:L:nature+position α:S:lexicon α:S:lexicon ο:L:position η:L:nature α:L:position ι:S:unknown ο:S:nature υ:L:position ε:S:nature ο:S:nature ε:L:position α:S:lexicon ε:S:nature ε:L:position αι:L:line_final,ἦν τάχα μοχθήσαντί ποθ’ ὕστερον ἐσθλὰ δέχεσθαι.
Fragmenta,7,9,True,LSSLSSLSSLSSLSSLL,LSSLSSLSSLSSLSSLL,0.0,1,1,,ει:L:nature ε:S:nature ε:S:nature οι:L:nature α:S:unknown ε:S:nature ευ:L:nature α:S:antepenult_accent ε:S:nature α:L:lexicon ο:S:nature ο:S:nature ε:L:position ι:S:lexicon ο:S:nature ε:L:position ει:L:line_final,εἰ δὲ θεοὶ κατένευσαν ἕνα χρόνον ἐς βίον ἐλθεῖν
Fragmenta,7,10,True,LLLLLSSLLLSSLL,LLLLLSSLLLSSLL,1.0,1,1,cluster_short,α:L:position ω:L:nature οι:L:nature+position αι:L:nature ο:L:position ε:S:position α:S:unknown υ:L:position αι:L:nature ει:L:nature ο:S:nature α:S:lexicon α:L:lexicon ω:L:line_final,"ἀνθρώποις, καὶ τόνδε βραχὺν καὶ μείονα πάντων,"
Fragmenta,7,11,True,LSSLLLSSLLLSSLL,LSSLLLSSLLLSSLL,0.0,1,2,,ε:L:position ο:S:nature ο:S:nature α:L:lexicon ει:L:nature οι:L:nature α:S:unknown α:S:unknown ω:L:nature+position ει:L:nature ε:L:position α:S:lexicon ο:S:nature ευ:L:nature ε:L:line_final,"ἐς πόσον ἆ δειλοὶ καμάτως κεἰς ἔργα πονεῦμες,"
Fragmenta,7,12,True,LLLSSLSSLSSLSSLL,LLLSSLSSLSSLSSLL,0.0,1,2,,υ:L:unknown α:L:position α:L:position ι:S:unknown ι:S:paroxytone_short_ultima ο:L:position ο:S:nature ι:S:lexicon ε:L:position ε:S:nature α:S:lexicon αι:L:nature ο:S:nature ι:S:lexicon ε:L:position α:L:line_final,ψυχὰν δ’ ἄχρι τίνος ποτὶ κέρδεα καὶ ποτὶ τέχνας
Fragmenta,7,13,True,LSSLLLSSLSSLSSLL,LSSLLLSSLSSLSSLL,1.0,1,1,lexicon_overridden,α:L:position ο:S:nature ε:S:nature ι:L:unknown ει:L:nature ο:L:position ε:S:nature α:S:lexicon ει:L:nature ο:S:nature υ:S:lexicon ει:L:nature ο:S:nature ο:S:nature ο:L:position ω:L:line_final,"βάλλομες, ἱμείροντες ἀεὶ πολὺ πλείονος ὄλβω;"
Fragmenta,7,14,True,LSSLSSLSSLLLSSLL,LSSLSSLSSLLLSSLL,0.0,1,2,,α:L:unknown ο:S:nature ε:S:nature η:L:nature α:S:lexicon α:S:lexicon α:L:lexicon ε:S:nature ο:S:nature ι:L:lexicon α:L:unknown οι:L:nature ε:S:nature ο:S:nature ε:L:position α:L:lexicon,"λαθόμεθ’ ἦ ἄρα πάντες, ὅτι θνατοὶ γενόμεσθα,"
Fragmenta,7,15,True,LSSLLLSSLSL,LSSLLLSSLSL,99.0,0,3,unmetrical,ω:L:nature+position α:S:unknown υ:S:unknown ε:L:position οι:L:nature α:L:lexicon α:S:unknown ο:S:nature ε:L:position ο:S:nature ο:L:line_final,χὠς βραχὺν ἐκ Μοίρας λάχομες χρόνον;
Fragmenta,8,1,True,LSSLSSLSSLSSLSSLL,LSSLSSLSSLSSLSSLL,2.5,1,2,correption;lexicon_overridden,ο:L:position ι:S:lexicon οι:S:nature οι:L:nature ι:S:unknown ε:S:nature ο:L:position ε:S:nature ε:S:nature η:L:nature ι:S:lexicon ο:S:nature α:L:position ε:S:nature α:S:unknown ω:L:nature+position αι:L:line_final,"Ὄλβιοι οἱ φιλέοντες, ἐπὴν ἴσον ἀντεράωνται."
Fragmenta,8,2,True,LSSLLLLLSSLSSLL,LSSLLLLLSSLSSLL,0.0,1,1,,ο:L:position ι:S:lexicon ο:S:nature η:L:nature+position η:L:nature ευ:L:nature+position ω:L:nature ει:L:nature ι:S:unknown ο:S:nature ω:L:nature α:S:lexicon ε:S:nature ο:L:position ο:L:line_final,"ὄλβιος ἦν Θησεὺς τῶ Πειριθόω παρεόντος,"
Fragmenta,8,3,True,LSSLLLSSLSSLSSLL,LSSLLLSSLSSLSSLL,0.5,1,3,correption,ει:L:nature αι:S:nature α:S:unknown ει:L:nature ι:L:position οι:L:nature ο:S:nature α:S:unknown η:L:nature υ:S:unknown ε:S:nature ει:L:nature α:S:lexicon ι:S:lexicon α:L:lexicon ο:L:line_final,εἰ καὶ ἀμειλίκτοιο κατήλυθεν εἰς Ἀΐδαο.
Fragmenta,8,4,True,LSSLSSLSSLLLSSLL,LSSLSSLSSLLLSSLL,0.0,1,0,,ο:L:position ι:S:lexicon ο:S:nature η:L:nature+position α:S:lexicon ε:S:nature οι:L:nature ι:S:lexicon ε:S:nature α:L:position ει:L:nature οι:L:nature ι:S:antepenult_accent ο:S:nature ε:L:position α:L:line_final,"ὄλβιος ἦν χαλεποῖσιν ἐν Ἀξείνοισιν Ὀρέστας,"
Fragmenta,8,5,True,LSSLLLSSLLLSSLL,LSSLLLSSLLLSSLL,0.0,1,5,,ω:L:nature ε:S:nature α:S:unknown οι:L:nature+position υ:L:unknown α:L:position υ:S:unknown α:S:unknown α:L:unknown α:L:nature η:L:nature ο:S:nature ε:S:nature ευ:L:nature ω:L:line_final,ὥνεκά οἱ ξυνὰς Πυλάδας ᾅρητο κελεύθως.
Fragmenta,8,6,True,LSSLSSLSSLLLSSLL,LSSLSSLSSLLLSSLL,0.0,1,4,,η:L:nature+position α:S:lexicon α:S:lexicon αι:L:nature α:S:unknown ι:S:unknown α:L:unknown ε:S:nature α:S:unknown ω:L:nature+position ω:L:nature ο:L:position ο:S:nature α:S:lexicon ι:L:lexicon ευ:L:line_final,ἦν μάκαρ Αἰακίδας ἑτάρω ζώοντος Ἀχιλλεύς·
Fragmenta,8,7,True,LSSLLLSSLSSLSSLL,LSSLLLSSLSSLSSLL,0.0,1,0,,ο:L:position ι:S:lexicon ο:S:nature η:L:nature+position α:L:nature+position ω:L:nature ο:S:nature ι:S:lexicon οι:L:nature ο:S:nature ο:S:nature αι:L:nature ο:S:nature α:S:lexicon υ:L:lexicon ε:L:line_final,"ὄλβιος ἦν θνᾴσκων, ὅτι οἱ μόρον αἰνὸν ἄμυνεν."
Fragmenta,9,1,True,LSSLSSLSSLSSLSSLL,LSSLSSLSSLSSLSSLL,1.0,1,1,lexicon_overridden,ε:L:position ε:S:nature ε:S:nature α:L:circumflex ε:S:nature α:S:unknown α:L:circumflex υ:S:lexicon ε:S:nature ο:L:position α:S:lexicon ο:S:nature α:L:position ο:S:nature ε:S:nature ει:L:nature α:L:line_final,"Ἕσπερε, τᾶς ἐρατᾶς χρύσεον φάος Ἀφρογενείας,"
Fragmenta,9,2,True,LSSLSSLSSLSSLSSLL,LSSLSSLSSLSSLSSLL,1.0,1,3,lexicon_overridden,ε:L:position ε:S:nature ε:S:nature υ:L:unknown α:S:unknown ε:S:nature α:L:unknown ι:S:lexicon ε:S:nature ο:L:position ι:S:lexicon ε:S:nature υ:L:position ο:S:nature α:S:lexicon α:L:position α:L:lexicon,"Ἕσπερε κυανέας ἱερὸν φίλε νυκτὸς ἄγαλμα,"
Fragmenta,9,3,True,LSSLSSLLLSSLSSLL,LSSLSSLLLSSLSSLL,0.0,1,1,,ο:L:position ο:S:nature α:S:lexicon αυ:L:nature ο:S:nature ε:S:nature ο:L:position η:L:nature α:L:unknown ο:S:nature ο:S:nature ε:L:position ο:S:nature ο:S:nature α:L:position ω:L:line_final,"τόσσον ἀφαυρότερος μήνας, ὅσον ἔξοχος ἄστρων,"
Fragmenta,9,4,True,LSSLLLSSLSSLSSLL,LSSLLLSSLSSLSSLL,0.0,1,0,,αι:L:nature ε:S:nature ι:S:lexicon ο:L:position αι:L:nature οι:L:nature ο:S:nature ι:S:lexicon οι:L:nature ε:S:nature α:S:lexicon ω:L:nature ο:S:nature α:S:lexicon ο:L:position ι:L:lexicon,"χαῖρε φίλος, καί μοι ποτὶ ποιμένα κῶμον ἄγοντι"
Fragmenta,9,5,True,LSSLLLSSLSSLSSLL,LSSLLLSSLSSLSSLL,0.0,1,2,,α:L:position ι:S:lexicon ε:S:nature α:L:unknown αι:L:nature α:L:position υ:S:unknown ι:S:lexicon ου:L:nature α:S:lexicon ο:S:nature ω:L:nature ε:S:nature α:S:antepenult_accent η:L:nature α:L:line_final,"ἀντὶ σελαναίας τὺ δίδου φάος, ὥνεκα τήνα"
Fragmenta,9,6,True,LSSLSSLSSLSSLSSLL,LSSLSSLSSLSSLSSLL,0.0,1,4,,α:L:unknown ε:S:nature ο:S:nature α:L:position ο:S:nature ε:S:nature α:L:unknown α:S:unknown ι:S:unknown ο:L:position υ:S:paroxytone_short_ultima ε:S:nature ου:L:nature ε:S:nature ι:S:lexicon ω:L:nature α:L:line_final,σάμερον ἀρχομένα τάχιον δύεν. οὐκ ἐπὶ φωρὰν
Fragmenta,9,7,True,LSSLSSLSSLSSLSSLL,LSSLSSLSSLSSLSSLL,2.5,1,0,synizesis;correption;synizesis,ε:L:position ο:S:nature αι:S:nature ου:L:nature ι:S:lexicon α:S:lexicon υ:L:position ο:S:nature ο:S:nature οι:L:nature ο:S:nature ε:S:nature ο:L:position α:S:antepenult_accent ε:S:nature ο:L:position εω:L:synizesis,"ἔρχομαι, οὐδ’ ἵνα νυκτὸς ὁδοιπορέοντας ἐνοχλέω·"
Fragmenta,9,8,True,LSSLLLSSLSSLSSLL,LSSLLLSSLSSLSSLL,0.0,1,4,,α:L:position ε:S:nature α:S:unknown ω:L:nature α:L:lexicon ο:L:position ε:S:nature ε:S:nature α:L:position α:S:unknown ε:S:nature ω:L:nature υ:S:unknown α:S:unknown ε:L:position αι:L:line_final,ἀλλ’ ἐράω· καλὸν δέ τ’ ἐρασσαμένω συναρέσθαι.
Fragmenta,10,1,True,LSSLSSLSSLSSLSSLL,LSSLSSLSSLSSLSSLL,0.0,1,2,,α:L:unknown ε:S:nature ε:S:nature υ:L:position ο:S:nature ε:S:nature ει:L:nature α:S:antepenult_accent ι:S:lexicon ο:L:position ε:S:nature ο:S:nature η:L:nature ε:S:nature α:S:unknown α:L:position α:L:line_final,"Ἅμερε Κυπρογένεια, Διὸς τέκος ἠὲ θαλάσσας,"
Fragmenta,10,2,True,LSSLLLSSLSSLSSLL,LSSLLLSSLSSLSSLL,0.5,1,2,correption,ι:L:paroxytone_short_ultima ε:S:nature ο:S:nature ο:L:position α:L:unknown οι:L:nature ι:S:properispomenon αι:S:nature α:L:lexicon α:S:lexicon α:S:lexicon οι:L:nature ι:S:lexicon α:S:unknown ε:L:position ε:L:line_final,τίπτε τόσον θνατοῖσι καὶ ἀθανάτοισι χάλεπτες;
Fragmenta,10,3,True,LSSLSSLSSLSSLSSLL,LSSLSSLSSLSSLSSLL,0.0,1,2,,υ:L:position ο:S:nature ε:S:nature α:L:lexicon ι:S:lexicon υ:S:lexicon ο:L:position ο:S:nature α:S:unknown η:L:nature+position ε:S:nature ο:S:nature αι:L:nature ε:S:nature ι:S:unknown αυ:L:nature α:L:line_final,"τυτθὸν ἔφαν· τί νυ τόσσον ἀπήχθεο καὶ τεῒν αὐτᾷ,"
Fragmenta,10,4,True,LSSLLLSSLSSLSSLL,LSSLLLSSLSSLSSLL,0.0,1,1,,α:L:unknown ι:S:paroxytone_short_ultima ο:S:nature ω:L:nature+position α:L:lexicon ε:L:position ι:S:lexicon α:S:lexicon ο:L:position ο:S:nature ε:S:nature ω:L:nature α:S:antepenult_accent ε:S:nature ε:L:position αι:L:line_final,"ταλίκον ὡς πάντεσσι κακὸν τὸν Ἔρωτα τεκέσθαι,"
Fragmenta,10,5,True,LSSLLLLLSSLSSLL,LSSLLLLLSSLSSLL,0.0,1,0,,α:L:position ι:S:lexicon ο:S:nature α:L:position ο:L:position ο:L:position ο:L:position α:L:nature ο:S:nature ο:S:nature ου:L:nature ε:S:nature ο:S:nature οι:L:nature ο:L:line_final,"ἄγριον, ἄστοργον, μορφᾷ νόον οὐδὲν ὁμοῖον;"
Fragmenta,10,6,True,LSSLLLSSLSSLSSLL,LSSLLLSSLSSLSSLL,1.5,1,3,correption,ε:L:position ι:S:lexicon ε:S:nature ι:L:position α:L:unknown ο:L:position αι:S:nature ε:S:nature α:L:unknown ο:S:nature ο:S:nature ω:L:nature α:S:unknown α:S:antepenult_accent η:L:nature ε:L:line_final,"ἐς τί δέ νιν πτανὸν καὶ ἑκαβόλον ὤπασας ἦμεν,"
Fragmenta,10,7,True,LLLSSLSSLSSLSSLL,LLLSSLSSLSSLSSLL,0.0,1,1,,ω:L:nature+position η:L:nature ι:L:position ο:S:nature ε:S:nature ο:L:position α:S:lexicon υ:S:unknown αι:L:nature ε:S:nature α:S:antepenult_accent η:L:nature ο:S:nature α:S:lexicon υ:L:paroxytone_short_ultima αι:L:line_final,ὡς μὴ πικρὸν ἐόντα δυναίμεθα τῆνον ἀλύξαι;
Fragmenta,11,1,True,LSSLLLSSLSSLSSLL,LSSLLLSSLSSLSSLL,0.0,1,3,,α:L:position α:S:unknown ι:S:unknown α:L:unknown ο:L:position οι:L:nature ο:S:nature ε:S:nature ε:L:position ο:S:nature ο:S:nature α:L:paroxytone_short_ultima ο:S:nature ο:S:nature ω:L:nature+position α:L:properispomenon,ἀμφασία τὸν Φοῖβον ἕλεν τὸ σὸν ἄλγος ὁρῶντα.
Fragmenta,11,2,True,LSSLSSLSSLSSLSSLL,LSSLSSLSSLSSLSSLL,0.0,1,0,,ι:L:position ε:S:nature ο:S:nature α:L:position α:S:lexicon α:S:lexicon α:L:lexicon α:S:lexicon ο:S:nature α:L:position ε:S:nature ε:S:nature αι:L:nature ε:S:nature ο:S:nature ε:L:position α:L:line_final,"δίζετο φάρμακα πάντα, σοφὰν δ’ ἐπεμαίετο τέχναν,"
Fragmenta,11,3,True,LLLSSLLLSSLSSLL,LLLSSLLLSSLSSLL,1.0,1,4,override,ι:L:lexicon ε:L:position α:L:position ο:S:nature ι:S:unknown α:L:nature αι:L:nature ε:L:position α:S:unknown ι:S:antepenult_accent ι:L:lexicon ε:S:nature α:S:unknown α:L:unknown α:L:antepenult_accent,"χρῖεν δ’ ἀμβροσίᾳ καὶ νέκταρι, χρῖεν ἅπασαν"
Fragmenta,11,4,True,LLLLLSSLSSLSSLL,LLLLLSSLSSLSSLL,0.0,1,2,,ω:L:nature ει:L:nature α:L:position οι:L:nature αι:L:nature ι:S:antepenult_accent α:S:unknown α:L:position ε:S:nature α:S:unknown α:L:position α:S:lexicon α:S:lexicon α:L:lexicon α:L:lexicon,ὠτειλάν· Μοίραισι δ’ ἀναλθέα φάρμακα πάντα
Fragmenta,12,1,True,LSSLLLSSLSSLSSLL,LSSLLLSSLSSLSSLL,1.5,1,3,correption,αυ:L:nature α:S:lexicon ε:S:nature ω:L:nature+position α:L:unknown ευ:L:nature αι:S:nature ε:S:nature α:L:unknown ο:S:nature ο:S:nature ε:L:position ο:S:nature α:S:unknown α:L:position ε:L:line_final,αὐτὰρ ἐγὼν βασεῦμαι ἐμὰν ὁδὸν ἐς τὸ κάταντες
Fragmenta,12,2,True,LSSLSSLSSLSSLSSLL,LSSLSSLSSLSSLSSLL,0.5,1,6,correption,η:L:nature ο:S:nature ο:S:nature ι:L:lexicon α:S:unknown α:S:unknown ο:L:position ε:S:nature αι:S:nature α:L:unknown ι:S:unknown ο:S:nature α:L:position ι:S:unknown υ:S:unknown ι:L:position ω:L:line_final,"τῆνο ποτὶ ψάμαθόν τε καὶ ἀϊόνα ψιθυρίσδων,"
Fragmenta,12,3,True,LSSLSSLSSLSSLSSLL,LSSLSSLSSLSSLSSLL,1.0,1,3,cluster_short,ι:L:lexicon ο:S:nature ε:S:nature ο:L:position α:S:unknown α:S:unknown ει:L:nature α:S:antepenult_accent α:S:lexicon η:L:nature ε:S:nature α:S:lexicon α:L:lexicon ε:S:position υ:S:unknown ει:L:nature α:L:line_final,λισσόμενος Γαλάτειαν ἀπηνέα· τὰς δὲ γλυκείας
Fragmenta,12,4,True,LSSLSSLSSLSSLSSLL,LSSLSSLSSLSSLSSLL,1.0,1,5,cluster_short,ε:L:position ι:S:unknown α:S:unknown υ:L:position α:S:unknown ι:S:unknown ω:L:nature ε:S:position ι:S:lexicon η:L:nature α:S:lexicon ο:S:nature ου:L:nature α:S:unknown ο:S:nature ει:L:nature+position ω:L:line_final,ἐλπίδας ὑστατίω μέχρι γήραος οὐκ ἀπολειψῶ
Fragmenta,13,1,True,LSSLSSLSSLSSLSSLL,LSSLSSLSSLSSLSSLL,1.0,1,0,lexicon_overridden,ου:L:nature α:S:lexicon ο:S:nature ω:L:nature ι:S:lexicon ε:S:nature α:L:lexicon α:S:lexicon ο:S:nature ο:L:position ο:S:nature ι:S:lexicon ε:L:position ο:S:nature α:S:antepenult_accent οι:L:nature α:L:circumflex,"οὐ καλὸν ὦ φίλε πάντα λόγον ποτὶ τέκτονα φοιτᾶν,"
Fragmenta,13,2,True,LSSLLLSSLSSLSSLL,LSSLLLSSLSSLSSLL,0.5,1,0,correption,η:L:nature ε:S:nature ι:S:lexicon α:L:position α:L:position ω:L:nature+position ε:S:nature ο:S:nature ι:L:position ε:S:nature ε:S:nature α:L:position α:S:lexicon αι:S:nature αυ:L:nature ο:L:line_final,μηδ’ ἐπὶ πάντ’ ἄλλω χρέος ἰσχέμεν· ἀλλὰ καὶ αὐτὸς
Fragmenta,13,3,True,LLLLLSSLSSLSSLL,LLLLLSSLSSLSSLL,1.5,1,2,correption,ε:L:position α:L:circumflex αι:L:nature υ:L:unknown ι:L:position α:S:antepenult_accent ε:S:nature ει:L:nature ε:S:nature οι:S:nature ευ:L:nature α:S:unknown ε:S:nature ε:L:position ο:L:line_final,τεχνᾶσθαι σύριγγα· πέλει δέ τοι εὐμαρὲς ἔργον
Fragmenta,14,1,True,LSSLSSLLLSSLSSLL,LSSLSSLLLSSLSSLL,0.0,1,2,,οι:L:nature α:S:unknown ε:S:nature ω:L:nature+position α:S:unknown ε:S:nature οι:L:nature οι:L:nature αι:L:nature ο:S:nature ε:S:nature ω:L:nature α:S:antepenult_accent ε:S:nature οι:L:nature ε:L:line_final,"Μοίσας Ἔρως καλέοι, Μοῖσαι τὸν Ἔρωτα φέροιεν."
Fragmenta,14,2,True,LLLLLSSLSSLSSLL,LLLLLSSLSSLSSLL,0.5,1,1,correption,ο:L:position α:L:position αι:L:nature οι:L:nature αι:L:nature οι:S:nature α:S:lexicon ει:L:nature ο:S:nature ε:S:nature ο:L:position ι:S:antepenult_accent ι:S:unknown οι:L:nature ε:L:line_final,"μολπὰν ταὶ Μοῖσαί μοι ἀεὶ ποθέοντι διδοῖεν,"
Fragmenta,14,3,True,LSSLLLLLSSLSSLL,LSSLLLLLSSLSSLL,0.0,1,3,,α:L:position υ:S:unknown ε:S:nature α:L:position ο:L:position α:L:position α:L:circumflex α:L:position α:S:lexicon ο:S:nature α:L:unknown ι:S:unknown ο:S:nature ου:L:nature ε:L:line_final,"τὰν γλυκερὰν μολπάν, τᾶς φάρμακον ἅδιον οὐδέν."
Fragmenta,15,1,True,LSSLSSLSSLSSLSSLL,LSSLSSLSSLSSLSSLL,0.0,1,5,,ε:L:position α:S:unknown ι:S:unknown α:L:circumflex α:S:unknown α:S:unknown ι:L:position ο:S:nature ο:S:nature ω:L:nature+position ο:S:nature ο:S:nature αι:L:nature ε:S:nature ι:S:unknown οι:L:nature α:L:line_final,"ἐκ θαμινᾶς ῥαθάμιγγος, ὅπως λόγος, αἰὲς ἰοίσας"
Fragmenta,15,2,True,SSSLLLLLSL,SSSLLLLLSL,99.0,0,1,unmetrical,α:S:unknown ι:S:lexicon ο:S:nature ε:L:position ω:L:nature+position ο:L:position οι:L:nature αι:L:nature ε:S:nature αι:L:line_final,χἀ λίθος ἐς ῥωχμὸν κοιλαίνεται
Fragmenta,16,1,True,LSSLSSLSSLLLSSLL,LSSLSSLSSLLLSSLL,0.0,1,2,,η:L:nature ε:S:nature ι:S:unknown η:L:nature+position α:S:unknown ε:S:nature α:L:position ο:S:nature ε:S:nature ει:L:nature ω:L:nature οι:L:nature ο:S:nature α:S:lexicon ει:L:nature ω:L:line_final,"μηδὲ λίπῃς μ’ ἀγέραστον, ἐπεὶ χὠ Φοῖβος ἀείδων"
Fragmenta,16,2,True,LSSLLLSSLSSLSSLL,LSSLLLSSLSSLSSLL,2.0,1,3,lexicon_overridden;override,ι:L:position ο:S:nature ο:S:nature ει:L:nature ι:L:unknown α:L:unknown ε:S:nature α:S:lexicon α:L:position α:S:unknown α:S:antepenult_accent ε:L:position ο:S:nature α:S:antepenult_accent οι:L:nature ει:L:line_final,μισθοδοκεῖ. τιμὰ δὲ τὰ πράγματα κρέσσονα ποιεῖ
Fragmenta,17,1,True,LLLSSLSSLSSLSSLL,LLLSSLSSLSSLSSLL,1.0,1,2,lexicon_overridden,ο:L:position α:L:unknown η:L:nature υ:S:unknown ε:S:nature αι:L:nature ι:S:antepenult_accent ε:S:nature ει:L:nature α:S:lexicon ο:S:nature α:L:lexicon ε:S:nature ι:S:lexicon α:L:position α:L:line_final,"μορφὰ θηλυτέραισι πέλει καλόν, ἀνέρι δ’ ἀλκά"
Fragmenta,18,1,True,LSSLSSLSSLSSLSSLL,LSSLSSLSSLSSLSSLL,1.0,1,3,lexicon_overridden,α:L:lexicon α:S:lexicon ε:S:nature ου:L:nature ε:S:nature ε:S:nature ο:L:position ο:S:nature α:S:unknown υ:L:unknown ι:S:unknown α:S:antepenult_accent α:L:lexicon α:S:lexicon ο:S:nature οι:L:nature ι:L:lexicon,"πάντα θεοῦ γ’ ἐθέλοντος ἀνύσιμα, πάντα βροτοῖσιν"
Fragmenta,18,2,True,LSSLLLSSLSSLSSLL,LSSLLLSSLSSLSSLL,0.5,1,1,correption,ε:L:position α:S:lexicon α:S:lexicon ω:L:nature+position α:L:unknown ι:L:position α:S:antepenult_accent αι:S:nature ου:L:nature α:S:lexicon ε:S:nature ε:L:position α:S:lexicon ε:S:nature ο:L:position ο:L:line_final,ἐκ μακάρων ῥάϊστα καὶ οὐκ ἀτέλεστα γένοντο.
