word,nucleus,length
αίδαο,1,L
αἰήταο,2,L
αἰακοῦ,1,S
αἰγίδ̓,1,S
αἰγίδι,1,S
αἰγίδι,2,S
αἰγίλιπα,3,S
αἰγίοχον,1,S
αἰγανέης,1,S
αἰγεΐδην,2,S
αἰγιόχου,1,S
αἰγυπιοὶ,1,S
αἰγυπιοὶ,2,S
αἰγυπιοῖσι,4,S
αἰγὰς,1,L
αἰδοίοισι,3,S
αἰδοίοισιν,3,S
αἰδοῖα,2,S
αἰειγενέτῃσι,5,S
αἰειγενέτῃσιν,5,S
αἰενάων,2,L
αἰζήιος,2,S
αἰθαλόεντα,1,S
αἰθαλόεντα,4,S
αἰθαλόεσσαν,4,S
αἰθιοπῆας,4,S
αἰνέας,2,L
αἰνήσουσι,3,S
αἰνήσωσιν,3,S
αἰνοτάτη,2,S
αἰνῇσιν,2,S
αἰολίδα,2,S
αἰολίδα,3,S
αἰολόμητιν,4,S
αἰπεινὰ,2,S
αἰπόλια,3,S
αἰπύν,1,S
αἰσονίδης,2,S
αἰσχύνωσι,1,L
αἰσχύνωσι,3,S
αἰτωλοῖσι,3,S
αἰχμάσσουσι,3,S
αἱματοέσσας,4,S
αἱματόεντ̓,1,S
αἱματόεσσαι,1,S
αἱμυλίοισι,4,S
αἱμυλίους,2,S
αἱμύλα,1,S
αἱμύλα,2,S
αἴαντας,2,S
αἴγιναν,2,S
αἴθωνα,2,S
αἴθωνας,2,S
αἴνυτ̓,1,S
αἴπειαν,2,S
αἴσχεσιν,2,S
αἴσχιστος,1,S
αἶα,1,S
αὐέρυον,2,S
αὐέρυσαν,3,S
αὐγείας,2,L
αὐλίδος,1,S
αὐλητῆρι,3,S
αὐτάς,1,L
αὐτίκ̓,1,S
αὐτίχ̓,1,S
αὐτομάτη,2,S
αὐτοσταδίῃ,3,S
αὐτοσχεδὰ,3,S
αὐτόγυον,2,S
αὐτὰς,1,L
αὐτῇσι,2,S
αὐτῇσιν,2,S
αὐχένας,2,S
αὔας,1,L
αὔλακι,1,S
αὔλακι,2,S
αὔῃσι,2,S
βάλ̓,0,S
βάλετ̓,0,S
βάλλ̓,0,S
βάλλε,0,S
βάλλεαι,0,S
βάλλει,0,S
βάλλειν,0,S
βάλλεν,0,S
βάλλεο,0,S
βάλλετ̓,0,S
βάλλετε,0,S
βάλλετο,0,S
βάλληται,0,S
βάλλον,0,S
βάλλονθ̓,0,S
βάλλονται,0,S
βάλλοντες,0,S
βάλλων,0,S
βάλοιο,0,S
βάλῃσι,2,S
βάλῃσιν,2,S
βάν,0,S
βέβασαν,2,S
βέλεμνα,2,S
βέλεσιν,2,S
βέλεϊ,2,S
βένθεα,2,S
βήσσῃσι,2,S
βίαντά,1,L
βίαντος,1,L
βίηφιν,2,S
βίον,0,S
βίος,0,S
βίοτον,0,S
βίου,0,S
βαθέ̓,0,S
βαθείῃσιν,3,S
βαθυδίνην,0,S
βαθυδίνην,1,S
βαθυδίνην,2,L
βαθὺν,1,S
βαθὺς,1,S
βαλλέμεν,0,S
βαλλομένη,0,S
βαλλομένοισιν,0,S
βαλλομένοισιν,4,S
βαλλομένων,0,S
βαλλόμεν̓,0,S
βαλλόμενα,0,S
βαλλόμενα,3,S
βαρέα,2,S
βαρείας,2,L
βαρεῖα,0,S
βαρεῖα,2,S
βαρεῖαν,2,S
βαρυνθέν,1,L
βαρυνθεὶς,1,L
βαρὺ,1,S
βαρὺν,0,S
βαρὺν,1,S
βασιλέων,0,S
βασιλέων,1,S
βασιλήιον,0,S
βασιλήιον,1,S
βασιλήιον,3,S
βασιλευέμεν,0,S
βασιλευέμεν,1,S
βασιλεῦσι,3,S
βασιληίδα,3,S
βασιληίδα,4,S
βασιλῆι,0,S
βασιλῆι,1,S
βασιλῆι,3,S
βασιλῆς,0,S
βασιλῆς,1,S
βατίειαν,3,S
βεβαῶτες,1,S
βεβριθυῖα,3,S
βεβρυχυῖα,1,L
βεβρυχυῖα,3,S
βελέεσσιν,3,S
βησσήεντα,3,S
βιβάς,1,L
βιότου,0,S
βλάπτε,0,S
βλάπτουσ̓,0,S
βλάπτῃ,0,S
βλάψας,0,S
βλάψας,1,L
βλάψε,0,S
βλάψει,0,S
βλάψεν,0,S
βλαπτομένοις,0,S
βλαφθέντα,0,S
βλαφθέντε,0,S
βλαφθεὶς,0,S
βλοσυραί,1,S
βλοσυροῖο,1,S
βοήσας,2,L
βοείας,2,L
βολάων,1,L
βοτοῖσιν,2,S
βουδόρα,2,S
βουκολίας,2,S
βουκολίωνι,4,S
βουλεύσαντε,2,S
βουλεύσαντι,2,S
βουλεύσαντι,3,S
βουλεύῃσι,3,S
βουλῇσι,2,S
βουσί,1,S
βουσίν,1,S
βοῶπις,2,S
βράδιον,0,S
βράσσων,0,S
βρίθειν,0,L
βριάοντα,3,S
βριθομένων,0,L
βριθόμενα,0,L
βριθόμενα,3,S
βριθόμενος,0,L
βρισάρματος,2,S
βρισηῒς,2,S
βροντήσας,2,L
βροτήσια,2,S
βροτήσια,3,S
βρώσιος,1,S
βόεια,2,S
βόεσσιν,2,S
βόησαν,2,S
βόσκωσι,2,S
βότρυας,1,S
βότρυας,2,S
βότρυς,1,S
βὰν,0,S
βῆσσάν,1,S
γάμος,0,S
γέλασαν,2,L
γέλασσαν,1,S
γέλασσαν,2,S
γέλασσε,1,S
γένεια,2,S
γένεσιν,2,S
γένεσις,2,S
γένυσσιν,1,S
γένυσσιν,2,S
γήθησαν,2,S
γήμαντα,2,S
γήμας,1,L
γήρασκε,1,L
γίγαντας,2,S
γαλάτεια,3,S
γαμεῖν,0,S
γαμοῖτο,0,S
γανύσσεται,1,S
γαῖάν,1,S
γείναθ̓,1,S
γείναντο,1,S
γείνασθαι,1,S
γείνατ̓,1,S
γείτονα,2,S
γείτονας,2,S
γείτοσι,2,S
γεγάασιν,1,S
γεγάασιν,2,L
γεγάασιν,3,S
γεγαῶτας,3,S
γεινομένοισι,4,S
γελάσας,1,S
γελάσας,2,L
γελάσσας,1,S
γελάσσας,2,L
γεράεσσιν,1,S
γεράεσσιν,3,S
γεράνου,1,S
γεράων,1,S
γεραιάς,2,L
γεραιὰς,2,L
γηθήσας,2,L
γηράντεσσι,1,L
γηράντεσσι,3,S
γηράσκοντα,1,L
γηράσκοντας,1,L
γηράσκοντας,3,S
γηρυονέα,4,S
γηρυονῆα,4,S
γηρυονῆι,4,S
γλάφυ,1,S
γλαυκῶπιν,2,S
γλυκερή,0,S
γλυκερὴν,0,S
γλῶσσαν,1,S
γναμπτάς,1,L
γονεῦσιν,2,S
γονόεσσαν,3,S
γονῆα,2,S
γοργυθίωνα,4,S
γουνάζεο,1,S
γουνάζομαι,1,S
γουναζέσθην,1,S
γουνοῖσιν,2,S
γούναθ̓,1,S
γούνατ̓,1,S
γρήνικόν,1,L
γραῖάν,1,S
γυάλοις,0,S
γυάλοις,1,S
γυναιξὶ,2,S
γυναιξὶν,2,S
γυναῖκ̓,0,S
γυναῖχ̓,0,S
γόμφοισιν,2,S
γύπεσσιν,2,S
γῆράς,1,S
δάκεν,0,S
δάκρὐ,1,S
δάμαρτι,1,L
δάμαρτι,2,S
δάμασ̓,0,S
δάμασ̓,1,S
δάμασεν,0,S
δάμασεν,1,S
δάμασσ̓,0,S
δάμασσ̓,1,S
δάμασσαν,1,S
δάμασσαν,2,S
δάμασσας,1,S
δάμασσας,2,S
δάμασσε,1,S
δάμασσεν,1,S
δάμασσον,1,S
δάμνασθαι,1,S
δάμναται,1,S
δάπτουσιν,2,S
δάσσαντο,0,S
δάσσασθαι,0,S
δέμνια,1,S
δέμνια,2,S
δέξασθαι,1,S
δέπασσιν,1,S
δέπασσιν,2,S
δέρματα,1,S
δέρματα,2,S
δήμητρα,2,S
δήσαντες,1,S
δήσασθαι,1,S
δί̓,0,S
δίδωσιν,0,S
δίδωσιν,2,S
δίεπ̓,0,S
δίη,0,L
δίκαζον,1,S
δίκαια,0,S
δίκαια,2,S
δίκαιον,0,S
δίκαιος,0,S
δίκας,0,S
δίκασσαι,0,S
δίκασσαι,1,S
δίκαἰ,0,S
δίκη,0,S
δίκῃς,0,S
δίκῃσιν,0,S
δίκῃσιν,2,S
δίνῃς,0,L
δίσκοισιν,2,S
δίχ̓,0,S
δίψαν,1,S
δαιδάλεα,3,S
δαιδαλέοισι,4,S
δαιδαλέοισιν,4,S
δαιμόνἰ,2,S
δαιτί,1,S
δακρυόεντα,4,S
δακρύσαντας,2,L
δαλοῖο,0,L
δαμάσθη,1,S
δαμάσσας,0,S
δαμάσσας,1,S
δαμάσσας,2,S
δαμάσσατο,1,S
δαμάσσεται,1,S
δαμάσσομεν,1,S
δαμάσσω,1,S
δαμάσσῃ,1,S
δαμέντ̓,0,S
δαμέντα,2,S
δαμέντας,2,S
δαμέντι,2,S
δαμαζόμενος,0,S
δαμαζόμενος,1,S
δαμασθείς,1,S
δαμασθεὶς,1,S
δαμασσάμενοί,1,S
δαναΐδης,2,S
δαρδάπτουσιν,3,S
δασσάμενος,0,S
δατέασθαι,0,S
δαφοιναί,0,S
δαῖτας,1,S
δείδοικας,2,S
δείελα,2,S
δείκνυ,1,S
δείκνυε,1,S
δείσαντας,1,L
δείσαντε,1,L
δεδάκρυνται,2,L
δειδιότα,3,L
δεικνύει,1,S
δεικνὺς,1,S
δεινοῖσι,2,S
δεινότατοι,2,S
δεινότατος,2,S
δειπνήσας,2,L
δειροτομήσας,4,L
δεκάκις,2,S
δελφῖνες,1,L
δεξί̓,1,S
δεξιτερῆφι,4,S
δεπάεσσι,3,S
δεπάεσσιν,3,S
δερκομένοισι,4,S
δερκομενάων,3,L
δεσμοῖσιν,2,S
δεῖσαν,1,L
δηΐοιο,1,S
δηΐοισι,1,S
δηΐοισι,3,S
δηΐοισιν,1,S
δηΐοισιν,3,S
δηΐους,1,S
δηΐφοβ̓,1,S
δηΐων,1,S
δηθύνοντ̓,1,L
δηιοτῆτος,1,S
δηιώσειν,1,S
δημήτερί,3,S
δημοκόωντα,4,S
δημολέοντα,4,S
δηρινθήτην,1,S
δησάσκετο,1,S
δηϊκόωντα,4,S
δηϊοτῆτα,4,S
δηϊοτῆτι,4,S
διάησι,3,S
διάησιν,3,S
διάκτορον,0,S
διέκριναν,3,S
διέπουσ̓,0,S
διέστησαν,3,S
διίξομαι,1,L
διαβὰς,0,S
διαβὰς,1,S
διαβὰς,2,L
διαβῇ,0,S
διαβῇ,1,S
διαγνῶναι,1,S
διακρίνοντα,0,S
διακρίνοντα,2,L
διακρίνοντα,4,S
διακρινθέντας,2,L
διακρινθέντε,2,L
διακρινθήμεναι,2,L
διακρινθεῖτε,2,L
διακρινώμεθα,0,S
διακρινώμεθα,2,L
διακρινώμεθα,5,S
διαπορθήσας,4,L
διαπραθέειν,1,S
διασκιδνᾶσί,0,S
διασκιδνᾶσί,3,L
διασκιδνᾶσί,4,S
διατμήξας,3,L
διατρίψας,2,L
διδάξῃς,0,S
διδασκῆσαι,0,S
διδοῦσι,0,S
διδοῦσι,2,S
διεδάσσαο,3,S
διεδάσσατο,3,S
διηνεκέεσσ̓,0,S
διηνεκέεσσιν,0,S
διηνεκέεσσιν,5,S
διηνεκέσιν,4,S
διηνεκέως,0,S
δικάσσατε,1,S
δικέων,0,S
δικαίου,0,S
δικαίων,0,S
δικαζέμεν,1,S
δικαζέτω,1,S
δικαιότερον,0,S
δινήεντας,0,L
δινήεντας,3,S
δινήεντι,3,S
δινήσας,2,L
δινεύεσκ̓,0,L
διομήδἐ,0,S
διοπτῆρα,3,S
διφῶσα,0,L
διφῶσα,2,S
διχθάδἰ,1,S
διχθάδἰ,2,S
διχθαδίας,3,L
διωνύσου,0,S
διωνύσου,2,L
διώνην,0,S
δμηθεῖσα,2,S
δμωσὶ,1,S
δμώεσσι,2,S
δμῆσίν,1,S
δμῶάς,1,S
δμῶας,1,S
δνοφερῇσι,3,S
δοκεύσας,2,L
δολίην,1,S
δολίης,1,S
δολίχ̓,1,S
δολίῃ,1,S
δονέουσι,3,S
δονήσας,2,L
δονακῆα,3,S
δούρατ̓,1,S
δράκοντε,0,S
δράκοντος,0,S
δράκουσιν,0,S
δράκουσιν,2,S
δρέψασαι,1,L
δρία,0,S
δρία,1,S
δριμεῖαν,0,L
δριμεῖαν,2,S
δριμὺ,0,L
δριμὺ,1,S
δριμὺς,1,S
δρύαλόν,1,S
δρῦν,0,S
δυνάμι,0,S
δυνάμι,1,S
δυνάμι,2,S
δυνάσθη,1,S
δυσαίατ̓,0,L
δυσαριστοτόκεια,6,S
δυσηλεγέες,0,S
δυσκέλαδος,2,S
δυσμενέας,3,S
δυσμενέσιν,3,S
δυσνομίην,2,S
δυσομενάων,0,L
δυσφροσυνάων,3,L
δυσωνύμου,0,S
δυσωνύμου,2,S
δυωκαιεικοσίπηχυ,7,S
δυώδεκ̓,0,S
δωρίδος,1,S
δωρίς,1,S
δωρὶς,1,S
δόλοπα,2,S
δόμοισι,2,S
δόνακας,2,S
δόναξ,1,S
δόσιν,1,S
δότειρα,2,S
δύ̓,0,S
δύναμ̓,0,S
δύναμ̓,1,S
δύναμίς,2,S
δύναμιν,2,S
δύνανται,1,S
δύναντο,1,S
δύνατ̓,0,S
δύνατ̓,1,S
δύντα,0,L
δύνωσιν,0,L
δύνωσιν,2,S
δύσεθ̓,0,L
δύσειν,0,L
δύσετ̓,0,L
δύσκεν,0,L
δώμαθ̓,1,S
δώμασ̓,1,S
δώμασι,1,S
δώμασι,2,S
δώματ̓,1,S
δώματά,1,S
δώματά,2,S
δώροισίν,2,S
δώωσι,2,S
δἰ,0,S
δὶς,0,S
δῃώσαντε,2,L
δῃώσαντες,2,L
δῖ̓,0,L
δῦθι,1,S
δῦν̓,0,L
δῶκαν,1,S
εσπερίδων,2,S
εἰαρινοῖσιν,4,S
εἰαρινὸς,1,S
εἰαρινὸς,2,S
εἰαρινῇσιν,4,S
εἰκάδα,1,S
εἰκάδα,2,S
εἰκάδι,1,S
εἰκάδι,2,S
εἰκοσάκις,3,S
εἰλήλουθα,3,S
εἰλήλουθας,3,S
εἰλατίνοισιν,4,S
εἰλείθυια,3,S
εἰλείθυιαν,3,S
εἰλιπόδων,1,S
εἰλυφόων,1,L
εἰλυφόωντες,1,L
εἰλύφαζε,1,L
εἰνὰς,1,S
εἰνὶ,1,S
εἰρέτριάν,3,S
εἰρύατ̓,1,S
εἰρύατ̓,2,S
εἰρύαται,1,S
εἰρύμεναι,1,S
εἰρύσαθ̓,1,S
εἰρύσαθ̓,2,S
εἰρύσατ̓,1,S
εἰρύσατ̓,2,S
εἰρύσσαισθε,1,S
εἰρύσσαιτο,1,S
εἰρύσσασθαι,1,S
εἰρύσσασθαι,2,S
εἰρύσσατο,1,S
εἰρύσσονται,1,S
εἰσί,1,S
εἰσίν,1,S
εἰσανέβαινεν,1,S
εἰσαναβαίνων,1,S
εἰσαναβαίνων,2,S
εἰσαφίκανε,3,S
εἰσελθοῦσα,3,S
εἰσορόωντα,4,S
εἰσορόωντας,4,S
εἰσορόωντι,4,S
εἰσορόωσα,4,S
εἰσορόωσι,4,S
εἴας,1,L
εἴασκε,1,L
εἴασκον,1,L
εἴασχ̓,1,L
εἴδεΐ,2,S
εἴκελά,2,S
εἴκουσι,2,S
εἴνατος,1,S
εἴνατός,1,S
εἴξαντος,1,S
εἴπαθ̓,1,L
εἴπατε,1,L
εἴρας,1,L
εἴργουσι,2,S
εἴρυντο,1,S
εἴρυσσέν,1,S
εἴσαντο,1,S
εἴσιδεν,1,S
εἵαθ̓,1,S
εἵατ̓,1,S
εἵματ̓,1,S
εἶδαρ,1,S
εὐαέι,3,S
εὐθετίσας,2,L
εὐθετίσας,3,L
εὐκηλήτειρα,4,S
εὐνάς,1,L
εὐνηθεῖσα,3,S
εὐνουμίην,2,S
εὐνὰς,1,L
εὐπατέρειαν,4,S
εὐποίητα,3,S
εὐποιητάων,3,L
εὐρέι,2,S
εὐρεῖα,2,S
εὐρυάγυιαν,4,S
εὐρυάλη,2,S
εὐρυβίην,2,S
εὐρυβίης,2,S
εὐρυμετώπων,1,S
εὐρυσθῆα,3,S
εὐρυτέρη,1,S
εὐρυτίωνα,4,S
εὐρύν,1,S
εὐρύοπα,3,S
εὐρύπυλ̓,1,S
εὐρύπυλ̓,2,S
εὐρύς,1,S
εὐρώεντι,3,S
εὐφροσύνην,2,S
εὔβοιαν,2,S
εὔξαντο,1,S
εὔτρησίν,2,S
εὔφρονα,2,S
εὕδοντας,2,S
εὕδουσι,2,S
εὕρῃσι,2,S
ζάθεόν,0,S
ζαέων,0,L
ζαθέης,0,S
ζαθέοιο,0,S
ζαθέοις,0,S
ζαθέοισι,3,S
ζαθέοισιν,0,S
ζαθέοισιν,3,S
ζευγνύσθην,1,S
ζεῦξαν,1,S
ζυγόφι,2,S
ζυγὰ,0,S
ζυγὰ,1,S
ζωῇσιν,2,S
ζώνῃσι,2,S
ζώσαντο,1,S
ζῆνά,1,S
ζῴοισιν,2,S
θάλασσαν,2,S
θάλειαν,2,S
θάλλοντα,2,S
θάλλουσιν,2,S
θάμ̓,0,S
θάμβησάν,2,S
θάμβησαν,2,S
θάμυριν,2,S
θάνοις,0,S
θάνῃσι,2,S
θάψαν,1,S
θέμεθλα,2,S
θέμιν,1,S
θέμιστα,1,S
θέμιστας,1,S
θέμιστι,1,S
θέρεϊ,2,S
θέσπειαν,2,S
θέσπιν,1,S
θέῃσιν,2,S
θίν̓,0,L
θαλίαι,0,S
θαλίαι,1,S
θαλίην,0,S
θαλίην,1,S
θαλίῃς,0,S
θαλίῃς,1,S
θαλίῃσι,0,S
θαλίῃσι,1,S
θαλίῃσι,3,S
θαλαμήια,3,S
θαλαμήια,4,S
θαλείῃ,0,S
θαμειάς,2,L
θαμειὰς,2,L
θαμὰ,1,S
θανόντα,2,S
θαρσήσας,2,L
θαρσύνονθ̓,1,L
θαρσύνουσα,1,L
θαρσύνουσα,3,S
θαυμάσια,2,S
θαυμάσια,3,S
θαυματὰ,2,S
θαύμαντα,2,S
θαύμας,1,L
θαύματ̓,1,S
θεία,1,S
θείαν,1,S
θείνας,1,L
θεμιστέων,1,S
θεοειδέα,4,S
θεράποντ̓,1,S
θερσῖτ̓,1,L
θεσπεσίας,2,S
θεσπεσίας,3,L
θεσπεσίῃς,2,S
θεόσδοτα,3,S
θεόφιν,2,S
θεὰν,1,L
θεᾶν,1,L
θεῇσι,2,S
θεῇσιν,2,S
θηλείας,2,S
θηλυτεράων,1,S
θηλυτεράων,3,L
θηρσὶ,1,S
θορόντα,2,S
θρασείας,0,S
θρασείας,2,L
θρασυκάρδιον,0,S
θρασυκάρδιον,1,S
θρασυκάρδιον,3,S
θρεπτήρια,2,S
θρεπτήρια,3,S
θρηικίου,1,S
θρηικίου,2,S
θρῆνυς,1,S
θρῴσκωσιν,2,S
θυέστ̓,0,S
θυίουσιν,2,S
θυγατέρεσσιν,4,S
θυγατέρων,0,S
θυγατέρων,1,S
θυγατέῤ,0,S
θυγατέῤ,1,S
θυγατρί,1,S
θυγατρί,2,S
θυγατρὶ,0,S
θυγατρὶ,1,S
θυγατρὶ,2,S
θυγατρῶν,1,S
θυηέντων,0,S
θυμήνασαι,2,L
θυμαλγέ̓,0,L
θυμολέοντα,4,S
θυμοφθόρον,0,L
θυσσανόεσσαν,4,S
θωρήχθησαν,3,S
θωρηκτῇσιν,3,S
θόαντα,2,S
θύγατρα,1,S
θύγατρας,1,S
θύγατρας,2,S
θύγατρες,1,S
θύγατῤ,0,S
θύγατῤ,1,S
θύελλα,2,S
θύελλαν,2,S
θύεσσί,0,S
θύεσσί,2,S
θύνοντ̓,0,L
θύρετρα,2,S
θύρηφιν,0,S
θύρῃσι,2,S
θώρηκας,2,S
θῆτά,1,S
θῖν̓,0,L
κάββαλ̓,0,S
κάββαλ̓,1,S
κάββαλε,0,S
κάββαλεν,0,S
κάθιζ̓,0,S
κάθιζ̓,1,S
κάθιζον,1,S
κάθισαν,2,S
κάκ̓,0,S
κάκιστος,1,S
κάκκιον,1,S
κάκτανε,0,S
κάλ̓,0,L
κάλεσσα,2,S
κάλεσσαν,2,S
κάλεσσας,2,S
κάλλιον,0,L
κάλλιπεν,0,S
κάλλιπες,0,S
κάλλιπον,0,S
κάλλισται,0,L
κάλλισται,1,S
κάλλιστον,0,L
κάλλιστον,1,S
κάλλιστος,0,L
κάλλιστος,1,S
κάλλιφ̓,0,S
κάλλιφ̓,1,S
κάλυψαν,2,S
κάλχαν,1,L
κάλχαντα,1,L
κάλχαντα,2,S
κάλχαντι,1,L
κάμνε,0,S
κάμνει,0,S
κάπνισσάν,2,S
κάπροισιν,2,S
κάπῃσιν,2,S
κάρ,0,S
κάρητι,2,S
κάτεισι,2,S
κάτθαν̓,0,L
κάτθαν̓,1,S
κάτθανε,0,L
κάτθεσαν,0,S
κέατ̓,1,S
κέγχροισι,2,S
κέλαδοί,1,S
κέλευθα,2,S
κέλευσαν,2,S
κέρασιν,2,S
κέρδεϊ,2,S
κέρδιστος,1,S
κέρτομα,2,S
κέχυθ̓,1,S
κέχυνται,1,S
κέχυτ̓,1,S
κήαντο,1,S
κήρυκ̓,1,L
κήυκα,1,L
κήυκα,2,S
κί̓,0,S
κίβισις,2,S
κίθαριν,2,S
κίθαρις,2,S
κίλλάν,1,S
κίλλαν,1,S
κίνυντο,1,S
κίον̓,0,S
κίοσιν,2,S
καίουσιν,2,S
καββάλετ̓,0,S
καββάλετ̓,1,S
καδδῦσαι,0,S
καδμεΐωνας,4,S
καδμείοισι,3,S
καδμείοισιν,3,S
καδμείωνας,3,S
καδμηίδι,2,S
καδμηίδι,3,S
καθ̓,0,S
καθίζει,0,S
καθίζει,1,S
καθίζειν,1,S
καθίζοις,1,S
καθίσσας,1,S
καθίσσας,2,L
καθαρῶς,0,S
καθαρῶς,1,S
καθιζέμεν,0,S
καθιζέμεν,1,S
καθύπερθ̓,0,S
καθύπερθ̓,1,S
καθῖζον,1,S
κακή,0,S
κακίστη,0,S
κακίστη,1,S
κακκείοντες,0,S
κακοθημοσύνη,4,S
κακοῖσιν,0,S
κακοῖσιν,2,S
κακτάμεναι,0,S
κακτάμεναι,1,S
κακότητ̓,0,S
κακῆς,0,S
καλέεσθαι,0,S
καλέουσ̓,0,S
καλέσαντες,2,L
καλέσαντο,2,L
καλέσασ̓,0,S
καλέσασ̓,2,L
καλεῖν,0,S
καλιάς,1,S
καλιήν,1,S
καλιαί,1,S
καλιὴν,1,S
καλλίκομοι,1,S
καλλίστους,0,L
καλλίστους,1,S
καλλίσφυρον,2,S
καλλείπειν,0,S
καλλείψειν,0,S
καλλιάνασσα,4,S
καλλιάνειρα,4,S
καλλιγύναικα,4,S
καλλιπαρήῳ,1,S
καλλιπαρήῳ,2,S
καλλιπαρῄους,1,S
καλλιπαρῄους,2,S
καλούς,0,L
καλυδῶνι,3,S
καλυπτόμενοι,0,S
καλυψαμένα,0,S
καλυψαμένα,2,S
καλύψαντες,2,S
καλὸς,0,L
καμάτου,0,S
καμάτου,1,S
καναχηδὰ,3,S
καναχῇσί,0,S
καναχῇσί,1,S
καναχῇσί,3,S
κανόνας,2,S
κανόνεσσ̓,0,S
καρήαθ̓,0,S
καρήαθ̓,2,S
καρήνοις,0,S
καρρέζουσα,0,S
καρτεροθύμους,3,L
καρτεροθύμῳ,3,L
καρχαρόδοντα,1,S
καρχαρόδοντα,4,S
κασιγνήτω,0,S
κασιγνήτῃσιν,4,S
κασσίτερος,1,S
κατ̓,0,S
κατάθηαι,0,S
κατάθηαι,1,S
κατάκειται,0,S
κατάκειται,1,S
κατάσκιον,2,S
κατέβαν,2,S
κατέδησ̓,0,S
κατέδουσιν,3,S
κατέθεντ̓,0,S
κατέκταν,2,S
κατέλεξας,3,S
κατέλεξε,0,S
κατένευσα,3,S
κατένευσας,3,S
κατέπαυσεν,0,S
κατέπηξαν,3,S
κατέπινε,2,L
κατέσταθεν,0,S
καταβαίνων,0,S
καταβαίνων,1,S
καταβεβρίθασιν,4,L
καταγηράσκουσιν,5,S
καταδεύῃ,0,S
καταδύντα,2,L
καταδύντα,3,S
καταδύντες,2,L
καταδύντι,2,L
καταδύντι,3,S
καταθεῖο,0,S
καταθεῖο,1,S
καταθνητοῖσι,0,S
καταθνητοῖσι,4,S
καταθνῄσκων,1,L
κατακείμενον,0,S
κατακείμενον,1,S
κατακρύπτων,0,S
κατακτάς,2,S
κατακτείναντα,3,L
κατακτὰς,2,S
καταλέξεται,0,S
καταλέξεται,1,S
καταλείβεται,0,S
καταλείβεται,1,S
καταλείπειν,0,S
καταλείπειν,1,S
καταλείψουσιν,4,S
καταξέμεν,1,S
καταπεπτηυῖα,5,S
καταπρηνέσσ̓,0,S
καταπτώσσοντ̓,0,S
κατατεθνήκασι,5,S
κατατεθνηῶτας,5,S
καταφθιμένοισιν,0,S
καταφθιμένοισιν,2,S
καταφλέξαι,0,S
καταχεύετ̓,0,S
καταχεύετ̓,1,S
κατεδύσεθ̓,0,S
κατεδύσεθ̓,2,L
κατελθόντ̓,0,S
κατεστόρεσαν,4,S
κατευνήσαιμ̓,0,S
κατηρεφέ̓,0,S
κατηρεφέεσσι,0,S
κατηρεφέεσσι,5,S
κατθάψαι,0,S
κατιὼν,0,S
κατιὼν,1,S
κατῇεν,0,S
καῦμα,1,S
κείνῃσι,2,S
κεδνὰ,1,S
κεδνὰς,1,L
κεινῇσιν,2,S
κεκάλυφθ̓,1,S
κεκαλυμμέναι,1,S
κεκαλυμμένη,1,S
κεκονιμένος,2,L
κεκριμένην,1,S
κεκρύφαται,2,S
κελάδοιο,1,S
κελαινεφέα,4,S
κελαινεφέι,4,S
κελαινεφέϊ,4,S
κελευτιόωντ̓,2,S
κελεύσας,2,L
κεραμεῖ,1,S
κεραοὶ,1,S
κερκίς,1,S
κερκηίς,2,S
κευθμῶνας,2,S
κευθμῶνι,2,S
κεφάλῳ,1,S
κεφαλαί,1,S
κεφαλλῆνας,3,S
κεφαλῆφι,1,S
κεφαλῆφι,3,S
κεφαλῇσιν,1,S
κεφαλῇσιν,3,S
κεχάρητο,1,S
κεχαρισμένος,1,S
κηρία,1,S
κηρία,2,S
κητώεσσαν,3,S
κηφήνεσσι,3,S
κηφῆνας,2,S
κηώεντα,3,S
κηώεντι,3,S
κιθαριστύν,3,L
κικλήσκουσιν,3,S
κικλῄσκουσι,3,S
κικλῄσκουσιν,3,S
κιλίκεσσ̓,0,S
κιλίκεσσ̓,1,S
κινήσαντος,2,L
κιόντα,2,S
κιόντι,2,S
κλάγξας,1,L
κλέεα,2,S
κλέψας,1,L
κλίναντες,1,L
κλίνθη,0,L
κλαίοντα,2,S
κλαύσας,1,L
κλείοιμι,2,S
κλείουσιν,2,S
κληῗδα,1,L
κληῗδα,2,S
κληῗδες,1,L
κληῗσ̓,1,L
κληῗσιν,1,L
κληῗσιν,2,S
κλινθήτην,0,L
κλινθῆναι,0,L
κλονέουσι,3,S
κλυμένην,0,S
κλυτίη,1,S
κλωμακόεσσαν,4,S
κλύουσιν,0,L
κλύουσιν,2,S
κνήμας,1,L
κνημὶς,1,L
κοΐλῃσι,3,S
κοΐλῳ,1,S
κοιμήσαντ̓,2,S
κοιμήσαντο,2,S
κοιμήσας,2,S
κοιμήσασθε,2,S
κοιμηθεῖσα,3,S
κοιρανέοντα,4,S
κοιρανέουσιν,4,S
κολλητοῖσι,3,S
κολλητοῖσιν,3,S
κολλητὰς,2,L
κομίζει,1,S
κομίζεσθαι,1,S
κομίζω,1,S
κομίσασθαι,1,S
κομίσσατο,1,S
κονίσουσιν,3,S
κονίῃ,1,S
κορεσσάμεθα,4,S
κορυθάϊκι,4,S
κορυστὰ,2,S
κορυφὰς,2,L
κορυφὴν,1,S
κορυφῇσιν,3,S
κορωνιόωντα,5,S
κορύσσουσα,3,S
κορώνειαν,3,S
κοτέουσα,3,S
κοτέουσιν,3,S
κουρίζουσι,3,S
κουφίζουσαν,3,S
κούροισιν,2,S
κοῒλῳ,1,S
κράνειαν,2,S
κράτεί,0,S
κράτεος,0,S
κράτεϊ,2,L
κρέας,1,S
κρέασίν,2,S
κρίναντο,0,L
κρίνων,0,L
κρίῳ,0,S
κρασὶν,1,S
κρατέῤ,0,S
κρατεράων,0,S
κρατεράων,2,L
κρατεροί,0,S
κρατεροῖς,0,S
κρατερόφρον̓,0,S
κρατερώτατός,0,S
κρατερώτατός,3,S
κρατερώτερον,0,S
κρατερῶν,0,S
κρατεῖ,0,S
κρείσσονας,2,S
κρεμάσασθαι,1,S
κρηνάων,1,L
κρινθέντες,0,L
κρινώμεθ̓,0,L
κρονίδεω,1,S
κρονιωνι,3,S
κροτάφοισιν,1,S
κροτάφοισιν,3,S
κρυεροῦ,0,S
κρυπτάδια,3,S
κρυπταδίης,1,S
κρυπταδίης,2,S
κρυφίους,1,S
κρυόενθ̓,0,S
κρυόεντι,0,S
κρυόεντι,3,S
κρόκα,1,S
κρόμυον,1,S
κρόσσας,1,L
κρύψασα,1,L
κρύψασα,2,S
κρῖν̓,0,L
κρῖσάν,1,S
κρῖόν,0,S
κρῶμνάν,1,S
κτάν̓,0,S
κτάσθαι,0,S
κτέρεα,2,S
κτήμαθ̓,1,S
κτήμασ̓,1,S
κτήματ̓,1,S
κτείναντα,2,S
κυάνου,0,S
κυάνου,1,S
κυέουσαν,3,S
κυανέων,0,L
κυανέων,1,S
κυανεάων,0,L
κυανεάων,1,S
κυανεάων,3,L
κυανοχαίτην,0,L
κυανοχαίτην,1,S
κυανῶπιν,3,S
κυδάλιμος,0,L
κυδάλιμος,1,S
κυδάλιμος,2,S
κυδαλίμοισι,4,S
κυδαλίμου,0,L
κυδαλίμου,1,S
κυδαλίμου,2,S
κυδιάνειραν,4,S
κυθέρεια,3,S
κυθέρειαν,3,S
κυθήροις,0,S
κυθήροισι,3,S
κυθήροισιν,0,S
κυθήροισιν,3,S
κυκήθησαν,3,S
κυκόωντι,3,S
κυλινδομένων,0,S
κυμαίνοντα,3,S
κυμαίνοντος,0,L
κυμοπόλειαν,4,S
κυνέη,0,S
κυπρογενέα,4,S
κυρήσας,0,L
κυρήσας,2,L
κωπήεντα,3,S
κωπήεντι,3,S
κωτίλλουσα,3,S
κόμιζε,1,S
κόμισαν,2,S
κόμισσα,1,S
κόμισσε,1,S
κόνιός,1,S
κόρθυνεν,1,S
κόρυθ̓,1,S
κόρυθα,2,S
κόρυμβα,2,S
κύκλωπας,2,S
κύμασιν,0,L
κύμασιν,1,S
κύμασιν,2,S
κύματ̓,0,L
κύματ̓,1,S
κύμινδιν,2,S
κύν̓,0,S
κύνεόν,0,S
κύπελλα,2,S
κύπρίς,1,S
κύρσαι,0,L
κύρσας,0,L
κύρσας,1,L
κύσατο,1,S
κύψαντι,1,L
κὰγ,0,S
κὰδ,0,S
κὰκ,0,S
κὰμ,0,S
κὰπ,0,S
κὰρ,0,S
κᾶλα,1,S
κῆρυξ,1,L
κῆρύξ,1,L
κῦμ̓,0,L
κῶμα,1,S
λάβ̓,0,S
λάβοιμι,2,S
λάβῃσιν,2,S
λάδωνά,2,S
λάθ̓,0,S
λάθεσθε,0,S
λάθετ̓,0,S
λάρνακ̓,1,S
λάχ̓,0,S
λάχεσίν,2,S
λάχεσίς,2,S
λάχῃσιν,2,S
λέβητάς,2,S
λέβητα,2,S
λέλεγας,2,S
λέληκας,2,S
λέλυνται,1,S
λέλυντο,1,S
λέξασθαι,1,S
λέοντι,2,S
λέουσιν,2,S
λέπαδνα,2,S
λέχεα,2,S
λέχεσσι,2,S
λήγουσι,2,S
λήιον,1,S
λίθοισι,2,S
λίπ̓,0,S
λίπετ̓,0,S
λίσσεθ̓,0,S
λίσσεο,0,S
λίσσεσθ̓,0,S
λίσσεσθαι,0,S
λίσσετ̓,0,S
λίσσετο,0,S
λίσσομ̓,0,S
λίσσομαι,0,S
λίσσονθ̓,0,S
λίσσονται,0,S
λίσσοντο,0,S
λίσσωμ̓,0,S
λακέρυζα,3,S
λαμπετόωντα,4,S
λαμπράν,1,S
λαμπρῇσιν,2,S
λαοδάμαντα,4,S
λαοδάμειαν,4,S
λαομέδεια,4,S
λαομέδοντα,4,S
λαοσσόου,0,L
λαοῖσιν,2,S
λαχνήεντα,3,S
λαχνήεντας,3,S
λαχνήεντι,3,S
λαῖτμα,1,S
λειήνας,2,L
λειριοέσσῃ,1,S
λειριόεντα,4,S
λελάθοιτο,1,S
λελαθέσθ̓,1,S
λελαθυῖα,1,S
λελαθυῖα,3,S
λελασμένος,1,S
λεξάσθην,1,S
λεξάσθων,1,S
λεοντῆα,3,S
λευγαλέη,1,S
λευγαλέοισιν,1,S
λευγαλέοισιν,4,S
λευκοῖσιν,2,S
λεχέεσσιν,3,S
ληΐδ̓,1,S
ληίδ̓,1,S
ληναιῶνα,3,S
λησμοσύνην,2,S
λητοΐδης,2,S
ληϊάδας,3,L
λιγυρὴν,0,S
λιγυρὴν,1,S
λιγυρῆς,0,S
λιγυρῆς,1,S
λιγυρῇ,0,S
λιγυρῇ,1,S
λιγυρῶν,0,S
λιγυρῶν,1,S
λιγυφώνων,0,S
λιγυφώνων,1,S
λιγύς,1,S
λιγύφωνοι,0,S
λιγύφωνοι,1,S
λιγὺ,0,S
λιγὺ,1,S
λιγὺν,1,S
λιγὺς,1,S
λιμέσιν,2,S
λιμνώρεια,3,S
λιμοῦ,0,L
λιμόν,0,L
λιμὴν,0,S
λιμὸν,0,L
λιμῷ,0,L
λιπέειν,0,S
λιπαροί,0,S
λιπαροί,1,S
λιπαρὰς,2,L
λιποῦσ̓,0,S
λιποῦσα,2,S
λισσέσκετο,0,S
λισσομένη,0,S
λισσομένους,0,S
λισσομένω,0,S
λισσομένῳ,0,S
λισσόμενοι,0,S
λισσόμενος,0,S
λοίγἰ,1,S
λοβοῖσι,2,S
λοεσσάμεναι,2,S
λοεσσαμένη,2,S
λοισθήϊ̓,2,S
λοισθοτάτην,2,S
λοφιῇ,1,S
λοῦσάν,1,S
λοῦσαν,1,S
λυγρά,1,S
λυγρὰ,1,S
λυκηγενέϊ,4,S
λυσιάνασσα,4,S
λυσσητῆρα,3,S
λόγοισιν,2,S
λύ̓,0,L
λύγοισι,2,S
λύντο,0,L
λύσαθ̓,0,L
λύσαθ̓,1,S
λύσασ̓,0,L
λύσασ̓,1,S
λύσασθαί,1,S
λύσασθαι,1,S
λύσειαν,2,S
λύσιν,0,S
λύσιν,1,S
λύσις,0,S
λύσις,1,S
λώιον,1,S
λώιόν,1,S
λᾶϊ,1,S
λῆξαν,1,S
λῖς,0,L
μάζα,1,S
μάκαράς,0,S
μάκαράς,1,S
μάκαράς,2,S
μάκαρας,0,S
μάκαρας,1,S
μάκαρας,2,S
μάλ̓,0,S
μάλιστ̓,0,S
μάρναθ̓,1,S
μάρνανθ̓,1,S
μάρναντο,1,S
μάρνασθ̓,1,S
μάρνασθαι,1,S
μάρτυρα,2,S
μάχαιραν,2,S
μάχεσθ̓,0,S
μάχετ̓,0,S
μέγαρα,2,S
μέγαῤ,1,S
μέδουσά,2,S
μέλαινά,2,S
μέλανα,2,S
μέλανας,1,S
μέλανας,2,S
μέλας,1,S
μέλεσσι,2,S
μέλεσσιν,2,S
μέλι,1,S
μέλουσι,2,S
μέμαθ̓,1,S
μέμασαν,2,S
μέμνονα,2,S
μέμονάς,2,S
μέμονας,2,S
μέμυκε,1,L
μένεα,2,S
μένεϊ,2,S
μένοντα,2,S
μένουσι,2,S
μένῃσι,2,S
μέσσας,1,S
μέτεισι,2,S
μέτρια,1,S
μέτρια,2,S
μήδειαν,2,S
μήλοισι,2,S
μήνἰ,1,L
μήσατ̓,1,S
μί̓,0,S
μίδειαν,2,S
μίκτο,0,S
μίμαντα,2,S
μίν,0,S
μίνυνθ̓,0,S
μίνωος,0,L
μίσγεαι,0,S
μίσγεσθ̓,0,S
μίσγεσθαι,0,S
μίσγεται,0,S
μίσγετο,0,S
μίσγον,0,S
μίχθη,0,S
μαιμώωσα,3,S
μαιμῶσιν,2,S
μακάρεσσιν,0,S
μακάρεσσιν,1,S
μακάρεσσιν,3,S
μακροῖσι,2,S
μακρότατ̓,2,S
μακρῇσιν,2,S
μαλάχῃ,1,S
μαλακοῖσι,0,S
μαλακοῖσι,1,S
μαλακοῖσι,3,S
μαλακοῖσιν,3,S
μαρμάρεαί,1,S
μαρμαίροντας,3,S
μαρμαίρουσα,3,S
μαρνάμεθ̓,1,S
μαρναμένους,1,S
μαρτυρίῃσι,4,S
μαστιέτην,1,S
μαστιχόωντι,4,S
μαυροῦσι,2,S
μαχέσσασθαι,2,S
μαχήσοντ̓,0,S
μαχεσσάμεθ̓,0,S
μαχεσσάμεθ̓,2,S
μαχησόμεθ̓,0,S
μαχόμεσθ̓,0,S
μαχώμεθ̓,0,S
μείλιχα,1,S
μείλιχα,2,S
μείναντες,1,S
μείνατ̓,1,S
μείονα,2,S
μεγάλ̓,1,S
μεγάλα,2,L
μεγάλης,1,S
μεγάλοις,1,S
μεγήρας,2,L
μεγήρατα,3,S
μεγαθαρσέι,4,S
μεδέουσα,3,S
μειδήματά,2,S
μειδήματά,3,S
μειδιόωσα,4,S
μειλιχίην,1,S
μειλιχίην,2,S
μειλιχίοισιν,4,S
μελάνθησάν,3,S
μελάνθησαν,3,S
μελήσουσιν,3,S
μελίας,1,S
μελίσσας,2,L
μελίῃσι,3,S
μελαίνας,2,S
μελαίνῃσιν,3,S
μελιᾶν,1,S
μεμάασιν,3,S
μεμαυῖ̓,1,S
μεμαῶτ̓,1,S
μεμαῶτας,3,S
μενέουσιν,3,S
μενεσθῆα,3,S
μενοίνα,2,L
μερμηράων,2,L
μεσσηγύς,2,S
μεσσηγὺς,2,S
μεσσόθι,2,S
μετάλλα,2,L
μετάλλησάν,3,S
μετάτροπα,3,S
μετέασι,3,S
μεταΐξας,3,L
μεταναιέτας,4,S
μεταξὺ,2,S
μεταχρόνιαι,3,S
μετοπωρινὸν,3,S
μηλοβοτῆρας,4,S
μηλόβοσίς,3,S
μηνίσας,2,L
μηρί̓,1,S
μητίετα,3,S
μητιόεντα,4,S
μητιόεντι,4,S
μητιόωντι,4,S
μητιόωσα,4,S
μηχανάαται,1,S
μιάνθησαν,3,S
μιγέντα,2,S
μιγεῖσ̓,0,S
μιγεῖσα,0,S
μιγεῖσα,2,S
μισγάγκειαν,3,S
μισγομένων,0,S
μισγόμενος,0,S
μιχθήμεναι,0,S
μιχθεὶς,0,S
μιχθεῖσ̓,0,S
μιῇ,0,S
μνήσαντο,1,S
μνήσασθε,1,S
μνήσατ̓,1,S
μνημοσύνην,2,S
μνημοσύνης,2,S
μνησάσθω,1,S
μνησάσκετο,1,S
μοίρας,1,S
μογήσας,2,S
μοῦσα,1,L
μυδαλέη,0,L
μυδαλέη,1,S
μυδαλέον,0,L
μυδαλέον,1,S
μυθήσασθαι,2,S
μυθήσασθε,2,S
μυθεῖτ̓,0,L
μυρί̓,0,L
μυρί̓,1,S
μυρμιδόνας,3,S
μυρομένοισιν,4,S
μυχίη,1,S
μόγησας,2,S
μύνητ̓,0,S
μύρετο,0,L
μύριοί,0,L
μύριοί,1,S
μύρονθ̓,0,L
μᾶλλον,0,S
μῆνας,1,S
μῆτίς,1,S
μῆτιν,1,S
μῖξαι,0,S
μῦρον,0,L
νάουσιν,2,S
νάρθηκι,2,S
νάσσατο,1,S
νέεσσι,2,S
νέεσσιν,2,S
νέκτάρ,1,S
νέκταρος,1,S
νέκυάς,2,S
νέκυας,2,S
νέμεσίν,2,S
νέμεσιν,2,S
νέμεσις,2,S
νέμεϊ,2,S
νέφεα,2,S
νέφεσσιν,2,S
νέφεϊ,2,S
νήιά,1,S
νήιά,2,S
νήπἰ,1,S
νήριτος,1,S
νίσσοντ̓,0,L
νίσσονται,0,L
νίφα,1,S
ναίουσιν,2,S
ναιετάει,2,S
ναιετάοντας,4,S
ναιετάοντες,2,S
ναιετάουσ̓,2,S
ναιετάουσαν,4,S
ναιετάουσιν,2,S
ναιετάουσιν,4,S
ναιόμενα,3,L
ναυτιλίης,2,S
ναύτας,1,S
νεάτοις,1,S
νείαιραν,2,S
νείκεά,2,S
νεικεστῆρα,3,S
νεκάδεσσιν,3,S
νεκροῖσιν,2,S
νεμέσσι,2,S
νεμεσῶσι,3,S
νεοκηδέι,4,S
νεοσσοῖσι,3,S
νεστορέας,3,L
νεφέλῃσι,3,S
νεφεληγερέτα,5,L
νηήσασθαι,2,L
νηί,1,S
νηδύν,1,S
νηδὺν,1,S
νηησάσθω,2,L
νηλέι,2,S
νηπιέῃσιν,4,S
νηπυτίοισιν,4,S
νηπύτἰ,1,S
νηπύτἰ,2,S
νηρέα,2,S
νηὶ,1,S
νικήσαντ̓,0,L
νικήσαντ̓,2,L
νικήσαντα,0,L
νικήσαντα,2,L
νικήσαντα,3,S
νικήσαντες,0,L
νικήσαντες,2,L
νικήσαντι,2,L
νικήσεἰ,0,L
νισσομένων,0,L
νιφόεντα,3,S
νοήσας,2,S
νομῆας,2,S
νοστήσαντ̓,2,L
νοστήσαντα,2,L
νοστήσαντες,2,L
νοστήσαντι,2,L
νοστήσαντι,3,S
νωμήσας,2,L
νόημα,2,S
νόησα,2,S
νύκτάς,1,S
νύχιον,1,S
νώμησαν,2,S
νώτοισιν,2,S
νῆάς,1,S
νῖσάν,1,S
νῶιν,1,S
ξίφεσίν,2,S
ξίφεσιν,2,S
ξείνοισι,2,S
ξιφέεσσ̓,0,S
ξυνήονας,3,S
ξυνδῆσαι,0,S
ξυνιόντας,3,S
ξύμπασα,1,L
ξύμπασα,2,S
ξύνισαν,2,S
οἰέτεας,3,L
οἰκήια,2,S
οἰκήια,3,S
οἰκί̓,1,S
οἰκῆας,2,S
οἰοπόλοισιν,4,S
οἰωνοῖσι,3,S
οἴκαδ̓,1,S
οἴματ̓,1,S
οἴξασα,2,S
οἴοισίν,2,S
οἴσουσι,2,S
οἴσουσιν,2,S
οἷσίν,1,S
οὐρίαχος,1,S
οὐρίαχος,2,S
οὐρανίδας,3,S
οὐρανίδῃ,2,S
οὐρανίη,2,S
οὐρανόθι,3,S
οὐρῆάς,2,S
οὐρῆας,2,S
οὐτάζοντο,1,S
οὐτάζων,1,S
οὐτάμεν,1,S
οὐταμένου,1,S
οὔασι,1,S
οὔασι,2,S
οὔασιν,1,S
οὔασιν,2,S
οὔατ̓,1,S
οὔλας,1,L
οὔνομα,2,S
οὔταζον,1,S
οὔτασ̓,1,S
οὔτασκε,1,S
οὔτασται,1,S
οὔτι,1,S
πάγκακον,1,S
πάγος,0,S
πάθοιμι,2,S
πάθωσιν,2,S
πάις,0,S
πάις,1,S
πάλλαντά,2,S
πάλλαντι,2,S
πάνθ̓,0,L
πάντ̓,0,L
πάντά,0,L
πάντές,0,L
πάντα,0,L
πάντας,0,L
πάντες,0,L
πάντεσσ̓,0,L
πάντεσσι,0,L
πάντεσσιν,0,L
πάντων,0,L
πάρ,0,S
πάρεσαν,2,S
πάρεστι,2,S
πάρεστιν,0,S
πάρεστιν,2,S
πάριν,1,S
πάροιθ̓,0,S
πάρστητε,0,S
πάσαντο,1,S
πάσασθαι,1,S
πάσχει,0,S
πάσχειν,0,S
πάσχων,0,S
πάτησαν,2,S
πάῤ,0,S
πέδιλα,2,S
πέλασαν,2,S
πέλασθεν,1,S
πέλασσε,1,S
πέλασσεν,1,S
πέλεια,2,S
πέλειαν,2,S
πέλοπι,2,S
πέμπτας,1,L
πέμπτοισι,2,S
πέμψαν,1,S
πέπτανται,1,S
πέσωσι,2,S
πέσῃσι,2,S
πέταλ̓,1,S
πέτασσαν,2,S
πέτηλα,2,S
πέτρῃσι,2,S
πέφανται,1,S
πέφατ̓,1,S
πέφραδ̓,1,S
πήγνυσθαι,1,S
πήγνυτ̓,1,S
πήματ̓,1,S
πήματι,1,S
πήματι,2,S
πήξας,1,L
πίθεσθ̓,0,S
πίθον,0,S
πίθου,0,S
πίλοις,0,L
πίμπλαντ̓,1,L
πίμπλαται,1,L
πίμπλησι,2,S
πίνακι,2,S
πίνοντ̓,0,L
πίνουσ̓,0,L
πίνουσιν,2,S
πίνωσιν,2,S
πίπτοντα,2,S
πίπτωσιν,2,S
πίσσα,1,S
πίσυρας,2,S
πίτνα,1,L
παίδεσσι,2,S
παίδεσσιν,2,S
παγχρύσεα,1,L
παγχρύσεα,3,S
παθοῦσα,2,S
παθόντες,0,S
παθὼν,0,S
παιδί,1,S
παιπαλοέσσῃς,1,S
παισίν,1,S
παλάμαις,0,S
παλάμαις,1,S
παλίωξίς,0,S
παλίωξίς,1,L
παλίωξίς,3,S
παλίωξιν,3,S
παλίωξις,3,S
παλαίει,0,S
παλαιγενέϊ,4,S
παλινάγρετός,0,S
παλινάγρετός,1,S
παλλάδ̓,1,S
παλλακίδι,3,S
παμφανόωσαν,4,S
πανέλληνας,3,S
παναίθῃσιν,3,S
πανδιονὶς,3,S
πανελλήνεσσι,0,S
πανελλήνεσσι,4,S
πανημέριός,0,S
πανημέριός,3,S
πανοπῆα,3,S
πανοπῆϊ,3,S
παντί,0,L
παντὶ,0,L
παντὸς,0,L
πανόπεια,3,S
παππάζουσιν,3,S
παπτήναντα,2,L
παπτήνασ̓,2,L
παράκοιτιν,3,S
παράκοιτις,3,S
παρέλασσ̓,0,S
παρέσχεθεν,0,S
παρέτραπε,0,S
παρέτραπε,2,S
παρέτρεσσαν,3,S
παρήϊξαν,3,S
παραιβασίας,3,S
παραιφάμενοι,0,S
παραιφάμενοι,2,S
παρακαίρια,3,S
παρακαίρια,4,S
παρακοίτας,3,S
παρακοίτι,0,S
παρακοίτι,1,S
παρακοίτι,3,S
παρακοίτῃ,0,S
παρακοίτῃ,1,S
παρακρεμάσας,4,L
παραστάς,2,L
παραστὰς,2,L
παρασχεῖν,0,S
παραφθὰς,2,S
παρβεβαώς,0,S
παρβεβαῶτε,0,S
παρειάς,2,L
παρεκβαίνουσι,4,S
παρελαύνω,0,S
παρελθεῖν,0,S
παρεστάμεν,0,S
παρεστάμεν,2,S
παρεῖχον,0,S
παρθένιόν,2,S
παρθενίους,2,S
παρθενικὴν,2,S
παρθενικῆς,2,S
παρκατέλεκτο,0,S
παρκλίνωσι,0,S
παρκλίνωσι,3,S
παρμένετ̓,0,S
παρμενέμεν,0,S
παρπεπιθόντες,0,S
παρσταίη,0,S
παρστὰς,0,S
παρφάμενος,0,S
πασέων,0,L
πασιθέη,0,L
πασιθέη,1,S
πασσαλόφι,3,S
πατέρα,2,S
πατέρας,2,S
πατέῤ,0,S
πατρί,0,S
πατρίδ̓,1,S
πατροκασιγνήτους,2,S
πατρός,0,S
πατρώιον,2,S
πατρὶ,0,S
παυρίδιον,2,S
παυροτέροισιν,4,S
παυσάσθην,1,S
παφλαγόνεσσι,4,S
παχείας,0,S
παχείας,2,L
παχὺ,1,S
παχὺν,0,S
παχὺν,1,S
παύσαντο,1,S
παύσασθαι,1,S
παῖδάς,1,S
παῤ,0,S
πείραθ̓,1,S
πείρασι,1,S
πείρασι,2,S
πείρασιν,1,S
πείρασιν,2,S
πείρατ̓,1,S
πεδίλοις,1,L
πεδίων,1,S
πελάζειν,1,S
πελάσας,1,S
πελάσας,2,L
πελάσθη,1,S
πελάσσαι,1,S
πελάσσῃ,1,S
πελέκεας,3,S
πελίης,1,S
πενίη,1,S
πενίην,1,S
πενίης,1,S
πεπίθοιθ̓,1,S
πεπαλαγμένος,1,S
πεπυκασμένῳ,1,S
περίδεισαν,3,L
περίστησαν,3,S
περίφρονα,3,S
περιβὰς,2,L
περιγλαγέας,4,L
περιδείσαντες,3,L
περιδείσασ̓,1,L
περιδείσασ̓,3,L
περικαλλέ̓,1,S
περιμήδεά,1,S
περιμήδεά,4,S
περιμήκεες,1,S
περιναιετάωσιν,6,S
περισσὰ,2,S
περιστρέψας,3,L
περιχεύας,3,L
περνὰς,1,L
περσεφόνεια,4,S
περσεφόνειαν,4,S
περσηίς,2,S
περσηὶς,2,S
περᾶν,1,S
περῶντα,2,S
πεσοῦσα,2,S
πετάλοισι,1,S
πετάλοισι,3,S
πετάσσας,2,L
πετεῶνα,3,S
πετρήεσσαν,3,S
πευκαλίμῃσιν,4,S
πευκεΐδας,3,S
πεφάσθαι,1,S
πεφρίκασιν,3,S
πεφραδέμεν,1,S
πεφραδέτην,1,S
πεφύασι,3,S
πεφύλαξο,1,S
πεῖράν,1,S
πηγάδας,1,S
πηγὰς,1,L
πηδάλιον,2,S
πηλέι,2,S
πηλεγόνα,3,S
πημήνειαν,3,S
πιείρας,2,S
πιερίδες,2,S
πιερίῃ,0,L
πιερίῃ,2,S
πιμπλῇσι,2,S
πινέμεν,0,L
πινόντων,0,L
πιοῦσα,2,S
πιστά,1,S
πιόμεν̓,0,L
πιόταταί,0,L
πιόταταί,2,S
πλέονας,2,S
πλήθουσαν,2,S
πλήθωσι,2,S
πλήθωσιν,2,S
πλήξαντε,1,S
πλήξας,1,S
πλήσειαν,2,S
πλατέ̓,0,S
πλεκτοῖσιν,2,S
πληγεῖσα,2,S
πληιάδας,1,S
πληιάδας,2,S
πληιάδες,1,S
πληιάδες,2,S
πληιάδων,2,S
πλουτεῦντα,2,S
πλούσιον,1,S
πνέουσαν,2,S
πνοιῇσιν,2,S
ποδοῖιν,2,L
ποδώκεά,3,S
ποιήεντα,3,S
ποιήεσσα,3,S
ποιήεσσαν,3,S
ποιήσαντες,2,S
ποιήσαντο,2,S
ποιήσασα,2,S
ποιήσασα,3,S
ποιήσασθαι,2,S
ποιήσατ̓,2,S
ποιητοῖσιν,3,S
ποικίλ̓,1,S
ποιμένας,2,S
ποιμνήιον,2,S
πολέας,2,S
πολέεσσιν,3,S
πολέσιν,2,S
πολίτας,2,S
πολεμήια,3,S
πολεμήια,4,S
πολιάς,2,S
πολιήτας,3,S
πολιοκρόταφοι,1,S
πολιοκρόταφοι,4,S
πολιοῦ,1,S
πολιὰς,2,L
πολιὸν,1,S
πολλοῖσί,2,S
πολλῇσίν,2,S
πολλῇσιν,2,S
πολυήρατον,3,S
πολυγηθέα,1,S
πολυγηθέα,4,S
πολυγηθέος,1,S
πολυδεύκεα,4,S
πολυηράτῳ,3,S
πολυκλήιδα,3,L
πολυκλήιδα,4,S
πολυφραδέεσσι,5,S
πολυφόρβης,1,S
πολυχρύσου,2,L
πολυώνυμον,3,S
πολυᾶϊξ,3,L
πολύαιν̓,1,S
πολύιδριν,3,S
πολύμηλοί,1,S
πολύμνιά,2,S
πολύμνιά,3,S
πολύπτυχον,2,S
πολύτλας,1,S
πολύτλας,2,S
πολὺς,1,S
ποντοπόρεια,4,S
ποντοπόροισιν,4,S
πορφυρέοισιν,4,S
πορφύρἐ,1,S
ποσειδάων̓,2,L
ποσσίν,1,S
ποταμοῖς,1,S
πουλυβότειραν,4,S
πουλυδάμαντ̓,1,S
πουλυδάμαντ̓,2,S
πουλυδάμαντ̓,3,L
πουλυδάμαντα,3,L
πουλυδάμαντα,4,S
πουλυδάμαντι,3,L
πουλυδάμαντος,3,L
πρίαμ̓,0,S
πρίαμ̓,1,S
πρίνινον,1,S
πραπίδες,0,S
πραπίδες,1,S
πραπίδεσσι,3,S
πραπίδεσσιν,3,S
πρεσβύταται,1,S
πρεσβύταται,2,S
πρεσβύτατον,1,S
πρεσβύτατον,2,S
πρηΰνει,1,L
πρηΰνειν,1,L
προΐωξίς,3,S
προβάδην,1,S
προβάλοιτό,1,S
προβέβουλα,3,S
προβιβάς,2,L
προβιβὰς,2,L
προδοκῇσι,3,S
προλιποῦσα,1,S
προλιποῦσα,3,S
προλιπόντ̓,1,S
προλιπών,1,S
προλιπὼν,1,S
προμηθέα,3,S
προνόησαν,3,S
προπάσας,2,L
προπεφραδμένα,4,S
προρέοντι,3,S
προρέουσι,3,S
προσέβαν,2,S
προσαρήρεται,1,S
προσβάς,1,L
προσεβήσατο,3,S
προσελέξατο,3,S
προσιόντι,3,S
προστήσας,2,L
προφέρῃσι,3,S
προφερεστάτη,3,S
προϊδέσθαι,1,S
πρυλέεσσ̓,0,S
πρυμνήσἰ,2,S
πρυμνοῖσιν,2,S
πρωθήβας,2,S
πρωτομέδεια,4,S
πρωτοπαγέα,4,S
πρωὶ,1,S
πρόφασιν,2,S
πρύτανίν,2,S
πρώτῃσιν,2,S
πρῆξις,1,S
πτερύγεσσι,3,S
πτερύγεσσιν,1,S
πτερύγεσσιν,3,S
πτερύγων,1,S
πυκάσαι,0,S
πυκάσαι,1,S
πυκάσας,2,L
πυκάσσας,0,S
πυκάσσας,1,S
πυκάσσας,2,L
πυκίν̓,0,S
πυκίν̓,1,S
πυκινοὺς,0,S
πυκινοὺς,1,S
πυκινὰ,2,S
πυκινὰς,2,L
πυκνά,0,S
πυκνά,1,S
πυκναὶ,0,S
πυκνοὶ,0,S
πυκνοὺς,0,S
πυκνοῖσιν,0,S
πυκνοῖσιν,2,S
πυκνὰ,0,S
πυκνὸν,0,S
πυροφόρος,0,L
πόθεσαν,2,S
πόληα,2,S
πόλιας,1,S
πόρωσιν,2,S
πότι,1,S
πότνιαν,1,S
πότνιαν,2,S
πότνἰ,1,S
πύθῃ,0,L
πύκ̓,0,S
πύλῃσιν,2,S
πύριν,1,S
πὰρ,0,S
πᾶσ̓,0,L
πῖλον,0,L
σάκεα,2,S
σάκεσίν,2,S
σάκεσιν,2,S
σάκευς,0,S
σάκἐ,0,S
σάωσας,2,S
σέβας,1,S
σαγγάριόν,1,S
σαγγάριόν,2,S
σαπείσης,0,S
σατνιόεντι,4,S
σαώσειαν,3,S
σαώσειας,3,S
σβέσατ̓,1,S
σείριος,1,S
σειρίου,1,S
σεσαρυῖα,3,S
σεύατ̓,1,S
σημάντορι,3,S
σιγαλόεντα,4,S
σιδηρέη,0,S
σικυῶν̓,0,S
σικυῶν̓,1,S
σικυῶνι,3,S
σιμοῦντα,0,S
σιμοῦντα,2,S
σιωπᾶν,2,L
σκάνδειαν,2,S
σκέδασ̓,1,S
σκέπα,1,S
σκίδναθ̓,1,S
σκαιάς,1,L
σκιδναμένῃ,1,S
σκιεροὺς,0,S
σκιὴ,0,S
σκιῇ,0,S
σκολιέων,1,S
σκολιοῖς,1,S
σκολιὰς,2,L
σκολιὸν,1,S
σκολιῇς,1,S
σκολιῇσι,1,S
σκολιῇσι,3,S
σκολιῶς,1,S
σκυλάκεσσιν,3,S
σκόλοπας,2,S
σκόλυμός,1,L
σμήνεσσι,2,S
σμερδαλέ̓,1,S
σμερδαλέης,1,S
σμῦξαι,0,L
σπάσσατο,0,S
σπέρμα,1,S
σπέρματα,1,S
σπέρματα,2,S
σπέρματος,1,S
σπαργανίσασα,3,L
σπαργανίσασα,4,S
σπασθέντος,0,S
σπασσάμενος,0,S
σπείρουσιν,2,S
σπείσας,1,L
σπεύδουσι,2,S
σπεῖσάν,1,S
σπονδῇσι,2,S
σπῆι,1,S
σπῆϊ,1,S
στάντε,0,L
στάντες,0,L
στάντων,0,L
στάσκε,0,L
στάσκεν,0,L
στάχυες,0,S
στάχυες,1,S
στέμματ̓,1,S
στήμονι,2,S
στίγματα,1,S
στίγματα,2,S
σταίησαν,2,S
σταθμοῖσι,2,S
σταυροῖσιν,2,S
σταχύων,0,S
σταχύων,1,S
στείλαντο,1,S
στενάχεσχ̓,1,S
στενάχιζε,1,S
στεροπηγερέτα,5,S
στιβαροῖσι,0,S
στιβαροῖσι,1,S
στιβαροῖσι,3,S
στιβαρῇς,0,S
στιβαρῇς,1,S
στιβαρῶν,0,S
στιβαρῶν,1,S
στολίσας,1,L
στολίσας,2,L
στομάτων,1,S
στονόεντας,3,S
στρατόφι,2,S
στρυμόνα,2,S
στυγερόν,0,S
στυγερὰς,2,L
στυγερὴ,0,S
στόματ̓,1,S
στόματος,1,S
στόρεσαν,2,S
στύξ,0,S
στὰν,0,L
στὺξ,0,S
στᾶσ̓,0,L
συγκαλέσας,3,L
συλλέξας,2,S
συμβάλετ̓,1,S
συμβάλλετον,1,S
συμμάρψας,2,L
συμφερόμεσθα,0,S
συμφράσσασθαι,2,S
συνάντωνται,0,S
συνήθεας,3,L
συναγρόμενοι,1,S
συνεχέως,0,L
συνιέμεν,0,S
συνωχαδόν,2,S
συσκιάσαι,2,S
σφεας,1,S
σφετέροισι,3,S
σφετέρῃσι,3,S
σφᾶς,0,S
σφῇσιν,1,S
σφῦράν,1,S
σχέτλια,1,S
σχέτλια,2,S
σχέτλιοι,1,S
σχέτλἰ,1,S
σχίσσας,1,L
σύγχεας,0,S
σύγχει,0,S
σύγχυτ̓,0,S
σύλασκε,0,L
σύλασκε,1,L
σύμπαντας,2,S
σύν,0,S
σύνισαν,0,S
σύνισαν,1,S
σύνισαν,2,S
σὰς,0,S
τάδ̓,0,S
τάμνε,0,S
τάμνειν,0,S
τάμνεν,0,S
τάμνον,0,S
τάμνοντ̓,0,S
τάμνων,0,S
τάμνῃ,0,S
τάμοιο,0,S
τάνυσθεν,1,S
τάνυσσαν,1,S
τάνυσσαν,2,S
τάνυσσε,1,S
τάπητας,2,S
τάρβησαν,2,L
τάρταρά,1,S
τάρταρά,2,S
τάρταρα,1,S
τάρταρα,2,S
τάς,0,L
τάχ̓,0,S
τάχιστ̓,0,S
τέκεσσιν,2,S
τέκταινα,2,S
τέκτονι,2,S
τέλεσσαν,2,S
τένοντας,2,S
τέρενα,2,S
τέρμαθ̓,1,S
τέρματ̓,1,S
τέρπουσι,2,S
τέρψιν,1,S
τέρψις,1,S
τέσσαῤ,1,S
τέταντο,1,S
τέταται,1,S
τέτηκα,2,S
τέτλαθ̓,1,S
τέττιξ,1,L
τέτυκται,1,S
τέτυκτο,1,S
τέτυξαι,1,S
τέτυξο,1,S
τέχνῃσι,2,S
τίετ̓,0,L
τίεται,0,L
τίθεσθαι,0,S
τίθησι,2,S
τίθησιν,0,S
τίθησιν,2,S
τίκτουσιν,2,S
τίμησας,2,S
τίμησε,0,L
τίνυσθαι,0,L
τίρυνθ̓,0,L
τίρυνθα,0,L
τίρυνθα,2,S
τίσαιτο,0,L
τίσειαν,2,S
τίσιν,1,S
τίσουσ̓,0,L
τίωσ̓,0,L
ταλάρους,0,S
ταλάρους,1,S
ταλαεργούς,0,S
ταλαεργούς,1,S
ταλαεργοὺς,0,S
ταλαεργοὺς,1,S
ταλαεργῶν,0,S
ταλαεργῶν,1,S
ταλακάρδιος,3,S
ταλθύβἰ,1,S
ταλθύβἰ,2,S
ταμεῖν,0,S
ταμνέμεν,0,S
ταμνομένη,0,S
ταμόνθ̓,0,S
τανυσθείς,1,S
τανυσθεὶς,1,S
τανυσσάμενος,1,S
τανύουσι,3,S
τανύπεπλον,0,S
τανύπεπλον,1,S
τανύσσας,1,S
τανύσσας,2,S
τανύσσῃ,1,S
τανύτριχα,3,S
ταρβήσαντε,2,L
ταρτάρου,1,S
ταρφειὰς,2,L
ταφίων,1,S
ταχέ̓,0,S
ταχέας,2,S
τείνας,1,S
τεθαλυῖαι,1,S
τεθνηῶτας,3,S
τειχιόεσσαν,4,S
τεκοῦσα,2,S
τεκόμεσθα,3,S
τελέεσσι,3,S
τελέεσσιν,3,S
τελέθωσιν,3,S
τελέσας,2,L
τελεῦσι,2,S
τερμιόεντα,1,S
τερμιόεντα,4,S
τερμιόεσσα,4,S
τετάσθην,1,S
τετίμηται,1,L
τετιημένη,1,S
τετιμένη,1,L
τετράδι,1,S
τετράδι,2,S
τετράς,1,S
τετριγῶτας,3,S
τετρὰς,1,S
τετυγμένα,1,S
τετυγμένον,1,S
τετύχθαι,1,S
τεῦξάν,1,S
τεῦξαν,1,S
τηθύν,1,L
τηθύος,1,S
τηλεβοάων,3,L
τηλεθάοντας,4,S
τηλεθόωσαν,4,S
τιθέμεν,0,S
τιθείη,0,S
τιθείς,0,S
τιθεῖσί,0,S
τιθεῖσί,2,S
τιθεῖσι,2,S
τιθωνῷ,0,L
τιμάς,0,L
τιμάων,0,L
τιμάων,1,L
τιμήσων,0,L
τιμήσωσι,0,L
τιμήσωσι,3,S
τιμαί,0,L
τιμὰς,0,L
τιμῶντες,0,L
τιν̓,0,S
τινάς,1,S
τισαίμεθα,0,L
τισαίμεθα,3,S
τιτάνῳ,0,S
τιτάνῳ,1,S
τιτήνας,2,L
τιτήνεσσι,0,L
τιτήνεσσι,3,S
τιτήνεσσιν,0,L
τιτήνεσσιν,3,S
τιταίνοντας,0,S
τιταίνοντας,3,S
τιταρήσιον,3,S
τιτῆνές,0,L
τιτῆνας,0,L
τιτῆνας,2,S
τιτῆσι,0,L
τιτῆσι,2,S
τιτῆσιν,0,L
τιτῆσιν,2,S
τμηθεῖσα,2,S
τοκῆα,2,S
τοκῆας,2,S
τοκῆι,2,S
τοσσάδ̓,1,S
τοῖσίν,1,S
τράπεζα,2,S
τράπεζαν,2,S
τράπεθ̓,0,S
τράφ̓,0,S
τρέψαντα,1,L
τρέψαντα,2,S
τρίαιναν,2,S
τρίβουσι,0,L
τρίβουσι,2,S
τρίπηχυν,2,S
τρίποδ̓,0,S
τρίποδάς,2,L
τρίποδας,2,L
τρίποδι,0,S
τρίποδι,2,S
τρίτην,0,S
τραπεζῆας,3,S
τρηχεῖα,2,S
τρηχεῖαν,2,S
τρηχύν,1,S
τρηχὺς,1,S
τρηχῖνος,1,L
τριήκοντα,3,S
τριηκάδα,2,S
τριηκάδα,3,S
τριηκοσίας,3,S
τριηκοσίας,4,L
τριηκόντων,0,S
τριπόδην,0,S
τριπόλῳ,0,S
τρισεινάδα,2,S
τρισεινάδα,3,S
τρισκαιδεκάτην,3,S
τριτογένειαν,0,L
τριτογένειαν,4,S
τρωσίν,1,S
τρύχουσιν,2,S
τρὶς,0,S
τρῳάς,1,L
τρῳὰς,1,S
τρῶάς,1,S
τυπῇσι,2,S
τυρσηνοῖσιν,3,S
τυφάονά,3,S
τυφαόνιον,3,S
τυφωέα,0,S
τυφωέα,3,S
τυχήσας,2,L
τυχόντι,0,S
τυχόντι,2,S
τόξοισίν,2,S
τύπτε,0,S
τύπτουσιν,0,S
τύπτουσιν,2,S
τύπτων,0,S
τύχη,0,L
τύχωμι,2,S
τύψ̓,0,S
τύψας,0,S
τύψε,0,S
τύψον,0,S
τύψῃ,0,S
τὤμισυ,2,S
τῖ̓,0,L
υἱάσιν,1,S
υἱάσιν,2,S
υἱέι,2,S
υἷάς,1,S
υἷα,1,S
φάθ̓,0,S
φάλαγξι,2,S
φάλοισι,2,S
φάντες,0,S
φάρεσσι,0,L
φάρεσσι,2,S
φάρμακ̓,1,S
φάρμακον,1,S
φάρμαχ̓,1,S
φάρἐ,0,L
φάσ̓,0,S
φάσθαι,0,S
φάτ̓,0,S
φέροντά,2,S
φέρουσιν,2,S
φέρτατ̓,1,S
φέρτατε,1,S
φίκιον,1,S
φίλ̓,0,S
φίλησα,2,S
φίλοισιν,2,S
φίλταθ̓,1,S
φίλτατον,0,S
φίλτερα,2,S
φίλωνται,0,S
φίλῃσιν,2,S
φαέθοντα,0,S
φαέθοντα,3,S
φαίδιμ̓,1,S
φαίδιμον,1,S
φαείνει,0,S
φαεινάς,2,S
φαεινοὶ,0,S
φαεσιμβρότου,0,S
φανείῃ,0,S
φανείῆ,0,S
φανεῖσα,0,S
φανεῖσα,2,S
φασ̓,0,S
φασὶν,1,S
φαταὶ,0,S
φατοί,0,S
φείδας,1,L
φειᾶς,1,L
φερέσβιος,2,S
φερεσσακέας,4,S
φεύγουσιν,2,S
φηλήτῃσιν,3,S
φημίξωσι,3,S
φησὶν,1,S
φθέγξατ̓,1,S
φθείρουσι,2,S
φθεισήνορα,3,S
φθὰν,0,S
φιλέοι,0,S
φιλέοντ̓,0,S
φιλέοντα,0,S
φιλέοντα,3,S
φιλέοντι,3,S
φιλέουσ̓,0,S
φιλέῃ,0,S
φιλεῖν,0,S
φιλομμηδέα,4,S
φιλυρίδης,2,S
φιλότητά,0,S
φιλότητά,3,S
φιτύσατο,2,S
φλεγύαο,2,L
φλεγύας,2,S
φοβέστρατον,2,S
φοινικόεις,1,S
φοινικόεντα,1,S
φοινικόεντα,4,S
φοινικόεσσαν,4,S
φοιτῶσι,2,S
φοιτῶσιν,2,S
φονῇσιν,2,S
φορεούσας,3,S
φορτία,1,S
φορτία,2,S
φοῖνιξ,1,L
φράζεαι,0,S
φράζεο,0,S
φράζεσθ̓,0,S
φράζεσθαι,0,S
φράζεσθε,0,S
φράζεσθον,0,S
φράζετο,0,S
φράζευ,0,S
φράζονται,0,S
φράζωνται,0,S
φράσσαιτο,0,S
φράσσαντο,0,S
φράσσαντο,1,S
φράσσασθ̓,0,S
φράσσασθ̓,1,S
φράσσατο,0,S
φρίσσωσιν,2,S
φραδμοσύνῃσι,4,S
φραδμοσύνῃσιν,4,S
φραζέσθω,0,S
φραζομένῳ,0,S
φραζώμεθ̓,0,S
φραζώμεθα,0,S
φραζώμεσθ̓,0,S
φρασάτην,0,S
φρασάτην,1,S
φρασσάμενος,0,S
φρασσάμενος,1,S
φρασσόμεθ̓,0,S
φρονέουσιν,3,S
φρὶξ,0,L
φρῖχ̓,0,L
φυλάκεσσ̓,0,S
φυλάκεσσ̓,1,S
φυλάσσεο,0,S
φυλάσσεσθαι,0,S
φυλάσσοντας,3,S
φυλάσσουσίν,0,S
φυλάσσουσίν,3,S
φυλασσόμενοι,0,S
φυλασσόμενος,0,S
φυλόπιδα,0,L
φυλόπιδα,2,S
φυλόπιδα,3,S
φυλόπιδός,0,L
φυλόπιδός,2,S
φυσιόωντας,4,S
φυτευέμεν,0,S
φυτεύειν,0,S
φυτεύσαι,0,S
φυτοῖσιν,0,S
φυτοῖσιν,2,S
φωνήεσσιν,3,S
φωνήσαντε,2,L
φωνήσαντες,2,L
φωνήσαντος,2,L
φωνήσασ̓,2,L
φωτί,1,S
φόρκυν,1,L
φόρκυνος,1,L
φόρκυϊ,1,L
φόρκυϊ,2,S
φύγαδ̓,0,S
φύγαδ̓,1,S
φύγοις,0,S
φύγῃσιν,2,S
φύλακάς,2,S
φύλακας,2,S
φύλακες,0,S
φύλακες,1,S
φύλαντος,1,L
φύλλοισι,2,S
φύξίν,1,S
φύξιν,1,S
φὰν,0,S
φᾶρίν,1,S
φᾶσίν,1,S
φῦλ̓,0,L
χάλαζα,2,S
χάλαζαν,2,S
χάνδανεν,0,S
χάος,0,S
χάρησαν,2,S
χάριτές,0,S
χάριτές,1,S
χάριτας,0,S
χάριτας,1,S
χάρματα,1,S
χάρματα,2,S
χάσμα,1,S
χάσσασθαι,1,S
χάσσατ̓,1,S
χέουσα,2,S
χέουσαν,2,S
χέρεσσιν,2,S
χέρηϊ,2,S
χήρωσας,2,S
χίλιαί,0,L
χίλιαί,1,S
χίλἰ,0,L
χίλἰ,1,S
χίμαιρα,2,S
χαίτας,1,L
χαλέπ̓,0,S
χαλεπαί,0,S
χαλεποὺς,0,S
χαλεποῖο,0,S
χαλεποῖς,0,S
χαλεποῖσι,0,S
χαλεποῖσι,3,S
χαλεπώτατος,0,S
χαλεπώτατος,3,S
χαλεπώτερος,0,S
χαλεπὰς,0,S
χαλεπὰς,2,L
χαλεπῆς,0,S
χαλκείας,2,L
χαλκοβάρεια,4,S
χαμάδις,2,S
χαρίεντ̓,0,S
χαρίεντ̓,1,S
χαρίεντας,0,S
χαρίεντας,1,S
χαρίεντας,3,S
χαρίεσσα,0,S
χαρίεσσα,1,S
χαρίεσσα,3,S
χαρίζεαι,1,S
χαριζομένη,1,S
χαριζόμενος,1,S
χείμαρον,1,S
χείματος,1,S
χείουσιν,2,S
χειμέριος,2,S
χειμέρἰ,2,S
χειμερίῃ,2,S
χειμερίῃσιν,4,S
χειροτέροισιν,4,S
χερσίν,1,S
χεύαντες,1,S
χεῖμα,1,S
χεῖράς,1,S
χηλῇσι,2,S
χθονίου,1,S
χθονίους,1,S
χθονίῳ,1,S
χιμαίρης,0,S
χιτῶν̓,0,S
χιτῶνας,2,S
χιτῶσι,2,S
χιόνι,2,S
χλαίνας,1,L
χλαῖνάν,1,L
χλαῖναν,1,L
χοάνοισι,1,S
χοάνοισι,3,S
χρέα,1,S
χρέμισαν,2,S
χρήματα,1,S
χρήματα,2,S
χρισαμένη,0,L
χρισαμένη,1,S
χρυσάμπυκες,0,L
χρυσάμπυκες,2,S
χρυσάορα,3,S
χρυσάορι,3,S
χρυσέας,0,L
χρυσέας,2,S
χρυσέου,0,L
χρυσείους,0,L
χρυσηίς,0,L
χρυσηίς,2,S
χρυσηῒς,2,S
χρυσόθεμις,3,S
χρύσειος,0,L
χρύσεοι,0,L
χρύσεἰ,0,L
χρῆμα,1,S
χρῶτα,1,S
χωρὶς,1,S
χύντο,0,S
χώρησαν,2,S
χώσατ̓,1,S
ψευδέας,2,S
ψεύδεά,2,S
ψεύδεα,2,S
ψολόεντι,3,S
ψυχάς,0,L
ψυχάς,1,L
ψῆράς,1,S
ἀΐξαντα,2,L
ἀΐξαντε,2,L
ἀΐξασα,3,S
ἀΐξασθαι,2,L
ἀΐξασκε,0,L
ἀΐξασκε,2,L
ἀΐσσοντε,0,L
ἀάσατο,0,S
ἀάτῃσιν,0,L
ἀάτῃσιν,3,S
ἀέθλοισι,3,S
ἀέκουσ̓,0,S
ἀέκουσιν,0,S
ἀέκουσιν,3,S
ἀέλλη,0,S
ἀέντων,0,S
ἀέξηται,0,S
ἀήτας,2,S
ἀίδεω,0,S
ἀίδεω,1,S
ἀίδηλα,0,S
ἀίδηλα,1,S
ἀίδηλα,3,S
ἀίδην,0,S
ἀίδην,1,S
ἀίδης,0,S
ἀίδης,1,S
ἀίδιον,2,S
ἀίσσοντο,0,L
ἀίων,0,S
ἀίων,1,S
ἀΰσας,2,L
ἀασθῇ,0,S
ἀβλῆτα,2,S
ἀγάθωνά,3,S
ἀγάσσατο,1,S
ἀγέλαι,0,S
ἀγέρωχοι,0,S
ἀγήραος,0,S
ἀγήρῳ,0,S
ἀγαγόνθ̓,0,S
ἀγαγόνθ̓,1,S
ἀγαθοῖσι,0,S
ἀγαθοῖσι,1,S
ἀγαθοῖσι,3,S
ἀγαθοῖσιν,0,S
ἀγαθοῖσιν,1,S
ἀγαθοῖσιν,3,S
ἀγαθὰ,2,S
ἀγαθὰς,2,L
ἀγαθῆς,0,S
ἀγαθῆς,1,S
ἀγαθῇσι,3,S
ἀγαθῶν,0,S
ἀγαθῶν,1,S
ἀγακλειτοῖσιν,0,S
ἀγακλειτοῖσιν,4,S
ἀγακλυτὸς,0,S
ἀγακλυτὸς,2,S
ἀγαλλομένην,0,S
ἀγανοφροσύνῃ,4,S
ἀγανοῖσιν,0,S
ἀγανοῖσιν,1,S
ἀγανοῖσιν,3,S
ἀγανώτατον,0,S
ἀγανώτατον,1,S
ἀγανῇσι,3,S
ἀγασσάμεθ̓,0,S
ἀγασσάμεθ̓,1,S
ἀγασσάμεθ̓,2,S
ἀγασσάμενοι,1,S
ἀγαυὴν,0,S
ἀγγελέοντα,4,S
ἀγγελέουσα,4,S
ἀγγελέουσι,4,S
ἀγείρας,2,L
ἀγειρόμενοι,0,S
ἀγελαίας,3,L
ἀγηγέραθ̓,0,S
ἀγηγέρατ̓,0,S
ἀγινεῖν,0,S
ἀγινεῖν,1,L
ἀγκλίνας,0,S
ἀγκλίνας,2,L
ἀγκυλομήτεω,0,S
ἀγκυλομήτην,1,S
ἀγκυλομήτης,0,S
ἀγκῶνάς,2,S
ἀγλά̓,1,S
ἀγλαΐαι,1,S
ἀγλαΐαι,2,S
ἀγλαΐην,1,S
ἀγλαΐην,2,S
ἀγλαΐηφι,1,S
ἀγλαΐηφι,2,S
ἀγλαΐηφι,4,S
ἀγλαΐῃ,1,S
ἀγλαΐῃ,2,S
ἀγλαΐῃς,1,S
ἀγλαΐῃς,2,S
ἀγνυμενάων,0,S
ἀγορή,0,S
ἀγορεύσατ̓,0,S
ἀγορεύσεις,0,S
ἀγορὰς,0,S
ἀγορὰς,2,L
ἀγορῆς,0,S
ἀγορῆφι,3,S
ἀγορῇσιν,3,S
ἀγροιώτας,3,S
ἀγρομένοισιν,0,S
ἀγρομένων,0,S
ἀγρομένῃσι,0,S
ἀγροτέρας,3,L
ἀγρόμενοι,0,S
ἀγυιάς,2,S
ἀγχίαλον,1,S
ἀγχίαλον,2,S
ἀγχεμάχων,2,S
ἀγόρεὐ,0,S
ἀγών,0,S
ἀδάητα,3,S
ἀδάμαντι,0,S
ἀδάμαντι,1,S
ἀδάμαντι,3,S
ἀδάμαντος,0,S
ἀδάμαντος,1,S
ἀδάμας,0,S
ἀδάμας,1,S
ἀδάμας,2,L
ἀδηκτοτάτη,3,S
ἀδρήστειάν,3,S
ἀείδειν,0,S
ἀείκιζεν,2,S
ἀείραντες,2,S
ἀείρας,2,S
ἀείσατε,0,S
ἀείσατε,2,S
ἀεθλεύειν,0,S
ἀεικέσσι,3,S
ἀεικίζει,2,S
ἀεικίσσασθαι,2,S
ἀεικίσσωσι,2,S
ἀεικισσαίμεθ̓,0,S
ἀεικισσαίμεθ̓,2,S
ἀειρόμεναι,0,S
ἀεκήλια,3,S
ἀεκήλια,4,S
ἀεξομένοιο,0,S
ἀεργίη,2,S
ἀεσίφρονα,0,S
ἀεσίφρονα,4,S
ἀεσιφροσύνῃσιν,6,S
ἀζαλέας,3,L
ἀηδόνα,3,S
ἀθάναται,0,L
ἀθάναται,1,S
ἀθάναται,2,S
ἀθανάτου,0,L
ἀθανάτου,1,S
ἀθανάτου,2,S
ἀθανάτω,0,L
ἀθανάτω,1,S
ἀθανάτω,2,S
ἀθηναῖοι,0,S
ἀθλήσαντα,3,S
ἀθλεύων,0,S
ἀθλοφόροι,0,S
ἀθλοφόρους,0,S
ἀθρόα,2,S
ἀιδρείῃσι,4,S
ἀιδωνεὺς,0,S
ἀιδωνεὺς,1,S
ἀκάμαντ̓,0,S
ἀκάμαντ̓,1,S
ἀκάμαντος,0,S
ἀκάμαντος,1,S
ἀκάμας,2,L
ἀκάματοι,0,L
ἀκάματοι,1,S
ἀκάματοι,2,S
ἀκάματος,0,L
ἀκάματος,1,S
ἀκάματος,2,S
ἀκαμάτοιο,0,L
ἀκαμάτοιο,1,S
ἀκαμάτοιο,2,S
ἀκαμάτῃσι,0,L
ἀκαμάτῃσι,1,S
ἀκαμάτῃσι,2,S
ἀκαμάτῃσι,4,S
ἀκαχήατο,0,S
ἀκαχήατο,1,S
ἀκαχὼν,0,S
ἀκαχὼν,1,S
ἀκηδέα,0,S
ἀκηδέα,3,S
ἀκηδέστως,0,S
ἀκηδὴς,0,S
ἀκηχέδατ̓,0,S
ἀκινήτοισι,4,S
ἀκμῆτας,2,S
ἀκοίτην,0,S
ἀκοντίζουσι,2,S
ἀκοντίσσαι,2,S
ἀκοντίσσαντος,2,S
ἀκούσαις,0,S
ἀκούσαντες,2,S
ἀκούσας,2,S
ἀκούσειαν,3,S
ἀκοῦσαι,0,S
ἀκτὰς,1,L
ἀκόντιζον,2,S
ἀλάληται,0,S
ἀλάληται,1,S
ἀλάπαζε,0,S
ἀλάπαζε,1,S
ἀλάπαξ̓,0,S
ἀλάπαξ̓,1,S
ἀλάπαξα,3,S
ἀλέην,0,S
ἀλέξεται,0,S
ἀλέοντο,0,S
ἀλίαστος,0,S
ἀλίαστος,1,S
ἀλίη,1,S
ἀλαπάζοντα,4,S
ἀλαστορίδην,3,S
ἀλγίστη,1,S
ἀλγινόεντα,4,S
ἀλγινόεσσαν,4,S
ἀλεγεινοὶ,0,S
ἀλεξίκακοι,0,S
ἀλεξίκακοι,2,S
ἀλεξίκακοι,3,S
ἀλευόμενοι,0,S
ἀλεύασθαι,0,S
ἀλεύασθαι,2,S
ἀλεῖψαι,0,S
ἀλκιμέδοντα,1,S
ἀλκιμέδοντα,4,S
ἀλλάων,1,S
ἀλλήλῃσιν,3,S
ἀλλοδαπῷ,2,S
ἀλλοτρίοις,2,S
ἀλλοτρίους,2,S
ἀλλοφρονέοντα,5,S
ἀλλότριον,2,S
ἀλοία,2,L
ἀλοιφὴ,0,S
ἀλυκτοπέδῃσι,5,S
ἀλφίτου,1,S
ἀλφηστῇσιν,3,S
ἀλωὰς,2,L
ἀλόχοισιν,3,S
ἀλύξας,2,L
ἀλύουσ̓,0,S
ἀλύουσ̓,1,S
ἀλᾶσθε,1,L
ἀμάειν,0,L
ἀμάθεια,3,S
ἀμάξης,0,S
ἀμάξῃ,0,S
ἀμάξῃσιν,3,S
ἀμέρσῃς,0,S
ἀμήσεις,0,L
ἀμήτου,0,L
ἀμαιμάκετον,0,S
ἀμαιμάκετον,2,S
ἀμαιμακέτοιο,0,S
ἀμαιμακέτοιο,2,S
ἀμαλδύνας,3,L
ἀμαρυγκεΐδης,0,S
ἀμαρυγκεΐδης,1,S
ἀμαρυγκεΐδης,4,S
ἀμαχητὶ,3,S
ἀμβαίνοντες,0,S
ἀμβροσίης,2,S
ἀμβρόσια,3,S
ἀμείνονές,0,S
ἀμείψασθαι,2,S
ἀμειλίκτων,0,S
ἀμελῶσιν,0,S
ἀμελῶσιν,3,S
ἀμηχανίη,3,S
ἀμιχθαλόεσσαν,5,S
ἀμμίξας,2,L
ἀμοιβηδὶς,3,S
ἀμπελόεσσαν,4,S
ἀμπεπαλὼν,0,S
ἀμπνεῦσαι,0,S
ἀμπνύνθη,0,S
ἀμπνύνθη,1,S
ἀμπυκίδην,2,S
ἀμφέσταν,2,S
ἀμφίβασιν,2,S
ἀμφίβασιν,3,S
ἀμφίεπον,1,S
ἀμφίθετον,1,S
ἀμφίς,1,S
ἀμφαγαπῶντες,1,S
ἀμφαγαπῶντες,2,S
ἀμφιαχυῖαν,4,S
ἀμφιβάλῃ,1,S
ἀμφιβάλῃ,2,S
ἀμφιβέβηκας,4,S
ἀμφιβαλεῖν,1,S
ἀμφιβαλεῖν,2,S
ἀμφιγύοισι,4,S
ἀμφιγύοισιν,4,S
ἀμφιδάμαντι,4,S
ἀμφιδάμας,3,L
ἀμφιδεδήει,1,S
ἀμφιελίσσας,4,L
ἀμφιιδών,2,S
ἀμφικαλύψῃ,1,S
ἀμφικαλύψῃ,2,S
ἀμφιλλογίας,3,S
ἀμφιπεριστρώφα,5,L
ἀμφιπόλοισιν,1,S
ἀμφιπόλοισιν,4,S
ἀμφιτεθεῖσα,4,S
ἀμφιτρίτης,2,L
ἀμφιτρυωνιάδης,5,S
ἀμφιτρύων,1,S
ἀμφιτρύων,2,S
ἀμφιτρύωνα,1,S
ἀμφιτρύωνα,2,S
ἀμφιτρύωνα,4,S
ἀμφιτρύωνι,1,S
ἀμφιτρύωνι,2,S
ἀμφιτρύωνι,4,S
ἀμφιφορῆας,4,S
ἀμφιχέαι,1,S
ἀμύνοντες,0,S
ἀμύνοντες,1,L
ἀμύνουσιν,3,S
ἀμώμητος,0,S
ἀμᾶσθαι,0,L
ἀμᾶται,0,L
ἀμῶνται,0,L
ἀν̓,0,S
ἀνάβλησις,3,S
ἀνάγκης,0,S
ἀνάγουσι,3,S
ἀνάειῤ,0,S
ἀνάειῤ,1,S
ἀνάελπτα,3,S
ἀνάκτων,1,S
ἀνάπνευσις,3,S
ἀνέβη,0,S
ἀνέβραχε,2,S
ἀνέδυ,0,S
ἀνέδυ,2,L
ἀνέηκε,0,S
ἀνέθηκα,0,S
ἀνέθηκα,3,S
ἀνέμοισιν,3,S
ἀνέμους,0,S
ἀνένευσε,0,S
ἀνέπαλτ̓,0,S
ἀνέπαλτο,0,S
ἀνέπνευσαν,3,S
ἀνέσαντες,0,S
ἀνέσταν,2,S
ἀνέψυχθεν,2,L
ἀνέῤ,0,L
ἀνήνασθαι,2,S
ἀνήνηται,0,S
ἀνήνορα,3,S
ἀνήϊξαν,3,S
ἀνίαζον,0,S
ἀνίεσκε,0,S
ἀνίην,1,S
ἀνίπτοισιν,3,S
ἀναΐξαντ̓,0,S
ἀναΐξαντ̓,1,L
ἀναΐξαντ̓,3,L
ἀναΐξαντες,3,L
ἀναίνεται,0,S
ἀναβάς,2,L
ἀναβὰς,2,L
ἀναιδείη,0,S
ἀναιδείηφι,0,S
ἀναιδείηφι,4,S
ἀναοίγεσκον,0,S
ἀναπλήσας,3,L
ἀναπρήσας,3,L
ἀναρπάξας,3,L
ἀναρρήξας,3,L
ἀνασσείσασα,3,L
ἀνασσείσασα,4,S
ἀναστάς,2,L
ἀναστρωφᾶν,3,L
ἀναστὰς,2,L
ἀναχάζομαι,0,S
ἀναχάζομαι,1,S
ἀναχάσσασθαι,0,S
ἀναχάσσασθαι,1,S
ἀναχάσσασθαι,3,S
ἀναχαζομένοιο,0,S
ἀναχαζομένοιο,1,S
ἀναχασσαμένη,0,S
ἀναχασσαμένη,1,S
ἀναχασσαμένη,3,S
ἀναχωρήσαντα,4,L
ἀναψῦξαι,0,S
ἀναψῦξαι,2,L
ἀνδράσι,0,L
ἀνδράσιν,0,L
ἀνδρί,0,L
ἀνδρί,1,S
ἀνδραπόδεσσι,4,S
ἀνδρειφόντῃ,0,S
ἀνδροκτασίαι,2,S
ἀνδροκτασίαι,3,S
ἀνδροκτασίας,2,S
ἀνδροκτασίας,3,S
ἀνδροκτασίας,4,L
ἀνδροκτασίη,2,S
ἀνδροκτασίη,3,S
ἀνδρός,0,L
ἀνδρὶ,0,L
ἀνδρὸς,0,L
ἀνδρῶν,0,L
ἀνδύεται,0,S
ἀνείρεαι,0,S
ἀνεδέξατο,3,S
ἀνεδύσετο,0,S
ἀνεκήκιεν,0,S
ἀνεκτά,2,S
ἀνελόντα,0,S
ἀνελόντα,3,S
ἀνεμώρειαν,4,S
ἀνεφαίνετο,0,S
ἀνεχάζεθ̓,0,S
ἀνεχώρησαν,0,S
ἀνεχώρησαν,4,S
ἀνεχώρησεν,0,S
ἀνθεμόεντα,4,S
ἀνθεμόεντι,4,S
ἀνθεμόεσσαν,4,S
ἀνθεῦσιν,2,S
ἀνιεῖσα,3,S
ἀνιοῦσ̓,0,S
ἀνιοῦσ̓,1,S
ἀνιστάμενος,0,S
ἀνιστάμενος,2,S
ἀνιόντι,3,S
ἀνιὼν,0,S
ἀνιὼν,1,S
ἀνολβίῃ,2,S
ἀνορούσας,3,L
ἀνστάντες,0,S
ἀνστάντες,1,L
ἀνστήμεναι,0,S
ἀνστήσασ̓,0,S
ἀνστήσει,0,S
ἀνστήσεις,0,S
ἀνστήσεσθαι,0,S
ἀνστήσων,0,S
ἀνστήτην,0,S
ἀνστρέψειαν,3,S
ἀνστὰς,0,S
ἀνστᾶσα,0,S
ἀνσχήσεσθαι,0,S
ἀντί̓,1,S
ἀντίη,1,S
ἀντίθεόν,0,S
ἀντίλοχ̓,1,S
ἀντεβόλησαν,4,S
ἀντηνορίδας,3,S
ἀντηνορίδας,4,L
ἀντιάαν,3,L
ἀντιάασθε,1,S
ἀντιάασθε,2,S
ἀντιάσαντα,4,S
ἀντιάσαντες,3,L
ἀντιβίοισι,1,S
ἀντιβίοισι,2,S
ἀντιβίοισι,4,S
ἀντιβολήσας,4,L
ἀντιθέοισιν,1,S
ἀντιθέοισιν,4,S
ἀντιτορήσας,4,L
ἀντιφερίζει,1,S
ἀντιόωσα,4,S
ἀντιόωσαν,4,S
ἀντιόωσι,4,S
ἀντιόωσιν,4,S
ἀντρῶνα,2,S
ἀνύσσας,0,S
ἀνύσσας,1,S
ἀνύσσας,2,L
ἀνύσσῃς,0,S
ἀνύσσῃς,1,S
ἀνώγοιμι,3,S
ἀνῆκας,2,S
ἀξέμεν,0,S
ἀξέμεναι,0,S
ἀξιὸς,1,S
ἀοιδοὶ,0,S
ἀοιδὴ,0,S
ἀοιδὸν,0,S
ἀοιδὸς,0,S
ἀοιδῇ,0,S
ἀοιδῇσιν,0,S
ἀοιδῇσιν,3,S
ἀοιδῷ,0,S
ἀπ̓,0,S
ἀπάνευθ̓,0,S
ἀπάνευθ̓,1,S
ἀπάραξε,0,S
ἀπάτερθεν,0,S
ἀπάτερθεν,1,S
ἀπάτησας,0,S
ἀπάτησας,1,S
ἀπάτησας,3,S
ἀπάτησε,0,S
ἀπάτησε,1,S
ἀπέβαινεν,0,S
ἀπέβησαν,0,S
ἀπέβησαν,3,S
ἀπέδωχ̓,0,S
ἀπέθηκ̓,0,S
ἀπέλαμπ̓,0,S
ἀπέληγεν,0,S
ἀπέλυσας,3,S
ἀπένεικας,3,S
ἀπέπαυσαν,3,S
ἀπέπεμπε,0,S
ἀπέσσυθεν,0,S
ἀπέσσυθεν,2,S
ἀπέτισαν,3,S
ἀπέχειν,0,S
ἀπέχωσιν,0,S
ἀπέχωσιν,3,S
ἀπίθησ̓,0,S
ἀπίθησ̓,1,S
ἀπαμυναίμεσθ̓,0,S
ἀπαμυναίμεσθ̓,1,S
ἀπαμυναίμεσθ̓,2,L
ἀπανήνασθαι,0,S
ἀπατήσει,0,S
ἀπατήσει,1,S
ἀπείλησαν,3,L
ἀπεδειροτόμησεν,0,S
ἀπειλὰς,2,L
ἀπελάμπετο,0,S
ἀπελυμαίνοντο,0,S
ἀπενάσσατο,0,S
ἀπενάσσατο,3,S
ἀπεπλάγχθη,0,S
ἀπερείσἰ,0,S
ἀπερείσἰ,3,S
ἀπερωήσειας,5,S
ἀπετίνυτο,0,S
ἀπετίνυτο,2,L
ἀπετίνυτο,3,S
ἀπετράπετ̓,0,S
ἀπετράπετ̓,2,S
ἀπηύρα,2,L
ἀπιστίαι,2,S
ἀποαίνυται,0,S
ἀποαίνυται,3,S
ἀποθρῴσκωσιν,4,S
ἀποθύμιον,0,S
ἀποθύμιον,2,L
ἀποθύμιον,3,S
ἀποκρύπτασκε,0,S
ἀπολήγοι,0,S
ἀπολείπουσιν,4,S
ἀπολείπων,0,S
ἀπολλείψας,3,L
ἀπολυσόμεθ̓,0,S
ἀπολυσόμεθ̓,2,L
ἀπομηνίσαντος,4,L
ἀπομορξαμένω,0,S
ἀπομορξαμένω,3,S
ἀπονάσσωσιν,4,S
ἀπονοστήσαντα,0,S
ἀπονοστήσαντα,5,S
ἀπονόσφιν,0,S
ἀπονόσφιν,3,S
ἀποξύσας,3,L
ἀποπέμπειν,0,S
ἀποπαύεο,0,S
ἀποπαύσεσθαι,0,S
ἀποπτύουσι,0,S
ἀποπτύουσι,2,L
ἀποπτύουσι,4,S
ἀπορνύμεναι,0,S
ἀπορνύμεναι,2,S
ἀπορρήξας,3,L
ἀπορρίψοντι,0,S
ἀποτίσας,3,L
ἀποτείσομεν,0,S
ἀποτμήξας,3,L
ἀπουράμενοι,0,S
ἀποφθίσθω,2,S
ἀποφθείσειε,0,S
ἀπούρας,2,L
ἀπόβλητ̓,0,S
ἀπόειπ̓,0,S
ἀπόλεσσαν,3,S
ἀπόλλυται,0,S
ἀπόλλυται,2,S
ἀπόλοιτ̓,0,S
ἀπόλωλε,0,S
ἀπόνηθ̓,0,S
ἀπόρουσε,0,S
ἀπόφημι,0,S
ἀπόφημι,3,S
ἀπύρῳ,0,S
ἀπύρῳ,1,S
ἀπώλεσ̓,0,S
ἀπώσασθαι,2,S
ἀράς,1,L
ἀράχνια,2,S
ἀράχνια,3,S
ἀρέσαντο,0,S
ἀρέσθ̓,0,S
ἀρήγεθ̓,0,S
ἀρήια,0,S
ἀρήια,2,S
ἀρήια,3,S
ἀρήιον,0,S
ἀρήιον,2,S
ἀρίγνωτος,0,S
ἀρίμοισιν,3,S
ἀρίστας,2,S
ἀρίστῳ,0,S
ἀραβεῦσαι,0,S
ἀραβεῦσαι,1,S
ἀραιάς,0,S
ἀραιάς,2,L
ἀραιῇσιν,3,S
ἀραρυίας,3,S
ἀραρυῖα,3,S
ἀργαλέ̓,1,S
ἀργαλέοισι,1,S
ἀργαλέοισι,4,S
ἀργαλέοισιν,1,S
ἀργαλέοισιν,4,S
ἀργαλέῳ,1,S
ἀργεΐην,2,S
ἀργεάδην,2,S
ἀργεννῇσι,3,S
ἀργιόδοντα,4,S
ἀργιόδοντας,4,S
ἀργιόδοντες,1,S
ἀργυρέη,1,S
ἀργυρέοισι,1,S
ἀργυρέοισι,4,S
ἀργυρέῃς,1,S
ἀργυρέῃσι,1,S
ἀργυρέῃσι,4,S
ἀργυρέῃσιν,4,S
ἀργυρέῳ,1,S
ἀργυρόπεζαν,4,S
ἀργυρότοξ̓,1,S
ἀργυφέη,1,S
ἀργύρεοι,1,S
ἀρείονα,0,S
ἀρείονα,3,S
ἀρεσσόμεθ̓,0,S
ἀρετάονα,4,S
ἀρηΐθοον,0,S
ἀρηΐθοον,2,S
ἀρηιφίλῳ,0,S
ἀρηιφίλῳ,2,S
ἀρηιφίλῳ,3,S
ἀρηρυῖαν,0,S
ἀρηρυῖαν,3,S
ἀρηρώς,0,S
ἀρησόμεθ̓,0,L
ἀρητιάδην,3,S
ἀρητῆρα,3,S
ἀρθεὶς,0,S
ἀριάδνην,0,S
ἀριάδνην,1,S
ἀριδείκετ̓,0,S
ἀριδείκετ̓,1,S
ἀριδείκετα,0,S
ἀριδείκετα,1,S
ἀριδείκετα,4,S
ἀριπρεπέ̓,0,S
ἀριστέῤ,0,S
ἀριστήεσσι,0,S
ἀριστήεσσι,4,S
ἀριστεύῃσι,0,S
ἀριστεύῃσι,4,S
ἀριστῆα,3,S
ἀριστῆας,3,S
ἀρνύσθην,1,S
ἀρξάντων,1,S
ἀροτῆρα,0,S
ἀροτῆρα,3,S
ἀροτῆρες,0,S
ἀρούρας,2,S
ἀροῦν,0,S
ἀρρήκτοισι,3,S
ἀρσάμενος,0,S
ἀρτεμέα,3,S
ἀρτιέπειαι,1,S
ἀρτύνθη,1,L
ἀρχώμεθα,3,S
ἀρόσῃς,0,S
ἀρόων,0,S
ἀρόῳς,0,S
ἀρώμεναι,0,S
ἀσίη,1,S
ἀσκάνιόν,1,S
ἀσκάνιόν,2,S
ἀσπάσιος,1,S
ἀσπάσιος,2,S
ἀσπίδ̓,1,S
ἀσπαίροντας,3,S
ἀσπιδιώτας,4,S
ἀσπληδόνα,3,S
ἀσσάρακός,1,S
ἀσσάρακός,2,S
ἀστέρα,2,S
ἀσταχύεσσιν,4,S
ἀστερίην,2,S
ἀστερόεντι,4,S
ἀστράψας,2,L
ἀστυάνακτ̓,1,S
ἀστυάνακτ̓,2,S
ἀστυνόῳ,1,S
ἀσχέτου,0,S
ἀσχαλάαν,3,L
ἀσχαλόωντα,4,S
ἀτάλλων,0,S
ἀτάρ,1,S
ἀτάρβητον,0,S
ἀτάσθαλος,0,S
ἀτάσθαλος,2,S
ἀτέλεστα,3,S
ἀτίταλλ̓,0,S
ἀτίταλλ̓,1,S
ἀταλὰ,2,S
ἀταλῇσι,3,S
ἀταρτηροῖο,0,S
ἀτασθάλου,0,S
ἀτασθάλου,2,S
ἀτασθαλίας,0,S
ἀτασθαλίας,2,S
ἀτασθαλίας,3,S
ἀτασθαλίης,0,S
ἀτασθαλίης,2,S
ἀτασθαλίης,3,S
ἀτασθαλίῃ,0,S
ἀτασθαλίῃ,2,S
ἀτασθαλίῃ,3,S
ἀτερπέα,0,S
ἀτερπέα,3,S
ἀτιμήσεἰ,0,S
ἀτιμήσεἰ,1,L
ἀτιμήσουσι,0,S
ἀτιμήσουσι,1,L
ἀτιμήσουσι,4,S
ἀτιταλλέμεναί,0,S
ἀτιταλλέμεναί,1,S
ἀτλαντὶς,2,S
ἀτρεΐδας,3,L
ἀτρεΐωνι,4,S
ἀτρεμέωσι,4,S
ἀτρυγέτῳ,1,S
ἀτρυτώνην,1,L
ἀτρύγετος,1,S
ἀυτμὴ,0,S
ἀυτῆς,0,S
ἀυτῆς,1,L
ἀφ̓,0,S
ἀφάμαρθ̓,0,S
ἀφάμαρθ̓,1,S
ἀφέηκεν,0,S
ἀφέλεσθέ,0,S
ἀφίκεσθε,0,S
ἀφίκεσθε,1,S
ἀφίξεται,1,S
ἀφαυρότατοι,0,S
ἀφαυρότατοι,3,S
ἀφελοῦσα,0,S
ἀφελοῦσα,3,S
ἀφεξόμεθ̓,0,S
ἀφεστᾶσ̓,0,S
ἀφεστᾶσ̓,2,S
ἀφνειότατος,3,S
ἀφραίνοντα,3,S
ἀφραδέοντι,4,S
ἀφραδίῃς,1,S
ἀφραδίῃς,2,S
ἀφρογενέα,4,S
ἀφροδιτης,2,L
ἀφύλλοισιν,3,S
ἀφύσσαι,0,S
ἀχέουσ̓,0,S
ἀχαιοῖσι,3,L
ἀχελώιόν,0,S
ἀχελώιόν,3,S
ἀχερωῒς,3,S
ἀχιλλεύς,1,S
ἀχιλλεὺς,1,S
ἀχιλλεῖ,1,S
ἀχιλλεῦ,1,S
ἀχιλλῆα,1,S
ἀχιλλῆος,1,S
ἀχιλλῆϊ,1,S
ἀχιλῆ̓,0,S
ἀχιλῆ̓,1,S
ἀχλὺν,1,L
ἀχνυμένη,0,S
ἀχνυμένοις,0,S
ἀχνυμένω,0,S
ἀχνυμένῃ,0,S
ἀχνύμενοί,0,S
ἀχνύμενοι,0,S
ἀχνύμενος,0,S
ἀχνύμενός,0,S
ἀχρήιος,2,S
ἀψευδέα,3,S
ἀϊδωνῆϊ,4,S
ἀϋτμὴ,0,S
ἀόλλισσαν,3,L
ἀύτευν,0,S
ἀύτευν,1,L
ἀῆται,0,S
ἁδινὰ,2,L
ἁδινῶς,0,S
ἁδινῶς,1,S
ἁδροσύνη,2,S
ἁλίη,1,S
ἁλιάκμονά,4,S
ἁμάς,1,L
ἁπάντη,0,S
ἁπάντων,1,L
ἁπάσας,2,L
ἁπαλοὶ,0,S
ἁπαλοὶ,1,S
ἁπαλοῖο,0,S
ἁπαλοῖο,1,S
ἁπαλοῖσιν,0,S
ἁπαλοῖσιν,1,S
ἁπαλοῖσιν,3,S
ἁπαλῶν,0,S
ἁπαλῶν,1,S
ἁπασέων,0,S
ἁπασέων,1,L
ἁπλοΐδας,2,S
ἁπλοΐδας,3,L
ἁρμαλιὴν,2,S
ἁρμαλιῆς,2,S
ἁρμονίη,2,S
ἁρμονίην,2,S
ἁρπάζοντε,1,S
ἁρπάζων,1,S
ἁρπάξαντε,1,S
ἁρπάξαντε,2,L
ἁρπάξας,1,S
ἁρπάξων,1,S
ἁρπακτά,2,S
ἁρπυίας,2,S
ἁφόωντα,3,S
ἁψάσθην,1,S
ἂμ,0,S
ἂρ,0,S
ἄασας,2,S
ἄαται,0,L
ἄατον,1,S
ἄατος,1,S
ἄβαντα,0,S
ἄβαντα,2,S
ἄγ̓,0,S
ἄγαγ̓,0,S
ἄγαγ̓,1,S
ἄγαγε,0,S
ἄγαγε,1,S
ἄγαγον,0,S
ἄγαγον,1,S
ἄγαλμα,2,S
ἄγγεσιν,2,S
ἄγεθ̓,0,S
ἄγειραν,0,S
ἄγειραν,2,S
ἄγετ̓,0,S
ἄγνυτο,0,S
ἄγνυτο,1,S
ἄγνυτον,0,S
ἄγουσιν,2,S
ἄγω,0,S
ἄγωμεν,0,S
ἄγωσι,0,S
ἄγωσι,2,S
ἄγωσιν,0,S
ἄγωσιν,2,S
ἄδικον,1,S
ἄεθλ̓,0,S
ἄεθλος,0,S
ἄεισι,0,S
ἄεισι,2,S
ἄηθ̓,0,S
ἄησι,0,S
ἄησι,2,S
ἄιδος,0,S
ἄιδος,1,S
ἄιδρις,0,S
ἄιδόσδε,0,S
ἄιδόσδε,1,S
ἄκοιτιν,2,S
ἄκοιτις,2,S
ἄκουσαν,2,S
ἄκουσεν,0,S
ἄλαλκεν,0,S
ἄλειφαρ,0,S
ἄλειφαρ,2,S
ἄληκτόν,0,L
ἄλκηστις,2,S
ἄλκιμα,1,S
ἄλκιμα,2,S
ἄλλας,1,S
ἄλληκτον,0,L
ἄλλοισίν,2,S
ἄλον,0,S
ἄλοχοί,0,S
ἄλσεα,2,S
ἄλυτόν,0,S
ἄλυτόν,1,S
ἄμβατός,1,S
ἄμβροτα,2,S
ἄμερδε,0,S
ἄμερδεν,0,S
ἄμμιν,1,S
ἄμπαυμά,2,S
ἄμπνυε,0,S
ἄμυδις,2,S
ἄμυσσε,0,S
ἄν,0,S
ἄναγον,0,S
ἄναγον,1,S
ἄνακτ̓,0,S
ἄνακτ̓,1,S
ἄνακτα,1,S
ἄνακτι,1,S
ἄνακτος,1,S
ἄναλκις,2,S
ἄναντα,2,S
ἄναξ,1,S
ἄναξεν,0,S
ἄνασσον,0,S
ἄναχθ̓,0,S
ἄναχθ̓,1,S
ἄνδρά,0,L
ἄνδράς,0,L
ἄνδράς,1,S
ἄνδρές,0,L
ἄνδρα,0,L
ἄνδρας,0,L
ἄνδρε,0,L
ἄνδρες,0,L
ἄνδρεσσι,0,L
ἄνδρεσσιν,0,L
ἄνδῤ,0,L
ἄνεισι,0,S
ἄνεισι,2,S
ἄνεμοί,0,S
ἄνεμον,0,S
ἄνεσάν,0,S
ἄνεσάν,2,S
ἄνευθ̓,0,S
ἄνεχ̓,0,S
ἄνθειά,2,S
ἄνθειαν,2,S
ἄνστησον,0,S
ἄνσχεο,0,S
ἄντεια,2,S
ἄντυγ̓,1,S
ἄντυξ,1,S
ἄνυσις,2,S
ἄνωγα,2,S
ἄξαις,0,S
ἄξαντ̓,0,S
ἄξει,0,S
ἄξειαν,0,S
ἄξειαν,2,S
ἄξειν,0,S
ἄξεις,0,S
ἄξεσθε,0,S
ἄξετε,0,S
ἄξομαι,0,S
ἄξομεν,0,S
ἄξονα,2,S
ἄξοντα,0,S
ἄξοντο,0,S
ἄξοσι,2,S
ἄξω,0,S
ἄξῃ,0,S
ἄξῃς,0,S
ἄορί,2,S
ἄπεσαν,0,S
ἄπεσαν,2,S
ἄρ,0,S
ἄρά,0,S
ἄρά,1,S
ἄραβός,0,S
ἄραβός,1,S
ἄραξα,0,S
ἄραξα,2,S
ἄργισσαν,2,S
ἄρεος,0,S
ἄρετ̓,0,S
ἄρην,0,S
ἄρηός,0,S
ἄρθεν,0,S
ἄρμενα,0,S
ἄρμενα,2,S
ἄρμενον,0,S
ἄρμενος,0,S
ἄρνάς,1,S
ἄρνας,1,S
ἄρξασθαί,1,S
ἄρξασθαι,1,S
ἄρξειαν,2,S
ἄρξωσι,2,S
ἄροσιν,2,S
ἄροτρα,0,S
ἄροτρα,2,S
ἄρουρα,2,S
ἄρσαντες,0,S
ἄρτεμιν,2,S
ἄρἠ,0,S
ἄσαιμι,0,L
ἄσαιμι,2,S
ἄσιν,1,S
ἄσχετον,0,S
ἄτλαντα,2,S
ἄτλας,1,L
ἄτῃσι,0,L
ἄτῃσι,2,S
ἄτῃσιν,0,L
ἄτῃσιν,2,S
ἄφατοί,1,S
ἄχεϊ,0,S
ἄχεϊ,2,S
ἄχνυται,0,S
ἄχνυτο,0,S
ἄχἐ,0,S
ἄψιν,1,S
ἄϊεν,0,S
ἄϊεν,1,S
ἄϊον,0,S
ἄῤ,0,S
ἅδον,0,S
ἅλαδε,1,S
ἅμ̓,0,S
ἅμαρθ̓,0,S
ἅπαντα,1,L
ἅπαντας,1,L
ἅπαντας,2,S
ἅπαντες,1,L
ἅπας,1,L
ἅπασα,2,S
ἅπασι,2,S
ἅπασιν,2,S
ἅρμαθ̓,1,S
ἅρματ̓,1,S
ἅς,0,S
ἅψασθαι,1,S
ἆλσο,0,S
ἆλτ̓,0,S
ἆλτο,0,S
ἆξαι,0,S
ἆξον,0,S
ἐάων,1,L
ἐάᾳ,1,L
ἐΰς,1,S
ἐβάλλετο,1,S
ἐβήσατο,2,S
ἐβλάφθησαν,1,S
ἐγήρα,2,L
ἐγγεγάασι,4,S
ἐγδούπησαν,3,S
ἐγείνατό,2,S
ἐγείρειαν,3,S
ἐγείρῃσιν,3,S
ἐγκεράσασα,3,L
ἐγκεράσασα,4,S
ἐγκύρσας,2,L
ἐγχείῃσιν,3,S
ἐγχώριον,2,S
ἐδάμην,1,S
ἐδάμνα,2,L
ἐδάσσατο,2,S
ἐδίδαξαν,3,S
ἐδίην̓,1,S
ἐδείδιμεν,2,S
ἐδώρησαν,3,S
ἐεισάσθην,2,S
ἐθέλουσά,3,S
ἐθέλωσι,3,S
ἐθείρῃσιν,3,S
ἐικυῖαι,1,S
ἐκάλει,1,S
ἐκάλεσσε,1,S
ἐκάλυψα,3,S
ἐκάλυψαν,3,S
ἐκίχανε,2,S
ἐκαίνυτο,2,S
ἐκγεγαυῖα,4,S
ἐκγεγαυῖαι,2,S
ἐκγεγαῶτι,4,S
ἐκγενόμεσθα,4,S
ἐκκαλέσας,3,L
ἐκνοστήσαντι,4,S
ἐκολῴα,3,L
ἐκορέσσατο,3,S
ἐκρίνατ̓,1,L
ἐκρίνοντο,1,L
ἐκτελέα,3,S
ἐκτελέσας,3,L
ἐκτολυπεύσας,4,L
ἐλάαν,2,L
ἐλάνθανον,1,S
ἐλάσαντας,2,L
ἐλάσασκεν,2,L
ἐλάσειας,1,S
ἐλάσειας,3,S
ἐλάσσαι,1,S
ἐλάσσας,1,S
ἐλάσσας,2,L
ἐλάσσῃ,1,S
ἐλάτας,1,S
ἐλάτῃς,1,S
ἐλάτῃσι,3,S
ἐλάφους,1,S
ἐλέφαντα,3,S
ἐλατῆρες,1,S
ἐλατῆῤ,1,S
ἐλεήσας,3,L
ἐλελίχθησαν,4,S
ἐλπίδα,1,S
ἐλπίδα,2,S
ἐλπὶς,1,S
ἐλυσθείς,1,L
ἐλύματι,2,S
ἐλύματι,3,S
ἐλύσθη,1,L
ἐμήσατο,2,S
ἐμίσγετο,1,S
ἐμίχθη,1,S
ἐμαρνάσθην,2,S
ἐμβάλλεο,1,S
ἐμβέβασαν,3,S
ἐμβασιλεύει,1,S
ἐμβασιλεύει,2,S
ἐμβεβαυῖα,4,S
ἐμβεβαυῖαν,2,S
ἐμβεβαυῖαν,4,S
ἐμβεβαῶτα,4,S
ἐμενοίνα,3,L
ἐμισγέσθην,1,S
ἐμμεμαῶτ̓,2,S
ἐμμεμαῶτε,2,S
ἐμμεμαῶτες,2,S
ἐμοῖσι,2,S
ἐμπλήσατο,2,S
ἐμπνεύσας,2,L
ἐμπνεύσῃσι,3,S
ἐμπνύνθη,1,L
ἐμπορίην,2,S
ἐμῇσι,2,S
ἐμῇσιν,2,S
ἐνέδησα,3,S
ἐνένιπε,2,L
ἐνέπνευσαν,3,S
ἐνέροισι,3,S
ἐνίκησα,3,S
ἐναίροντα,3,S
ἐναλίγκιοι,1,S
ἐναλίγκιοι,3,S
ἐνδήμοισι,3,S
ἐνδίεσαν,3,S
ἐνείκας,2,S
ἐνεμέσσα,3,L
ἐνενήκοντα,4,S
ἐνετῇσι,3,S
ἐνθάδ̓,1,S
ἐνιαυτούς,1,S
ἐνιαυτοῦ,1,S
ἐνιαύσια,3,S
ἐνιαύσια,4,S
ἐνιπρήσειν,1,S
ἐνιπρήσω,1,S
ἐνιπρήσωσι,1,S
ἐνιπρῆσαι,1,S
ἐννεάπηχυ,4,S
ἐννεσίῃσι,2,S
ἐννεσίῃσι,4,S
ἐννεσίῃσιν,4,S
ἐννοσίγαἰ,2,S
ἐννοσιγαίου,2,S
ἐννύχιαι,1,S
ἐννύχιαι,2,S
ἐνταῦθα,2,S
ἐντύνασθαι,1,L
ἐντύνασθαι,2,L
ἐνόησαν,3,S
ἐνόρσας,2,L
ἐνώμα,2,L
ἐνῆκας,2,S
ἐνῶρσας,2,S
ἐξάγαγ̓,1,S
ἐξάγαγ̓,2,S
ἐξάδιόν,2,S
ἐξέλασ̓,2,S
ἐξέλασεν,2,S
ἐξέρυσ̓,2,S
ἐξέταμ̓,2,S
ἐξήλασσαν,3,S
ἐξίκετ̓,1,L
ἐξαίσιον,2,S
ἐξακέονται,1,S
ἐξαλαπάξας,4,L
ἐξαλαπάξει,1,S
ἐξαλαπάξει,2,S
ἐξαναβᾶσαι,3,L
ἐξαπάτησε,1,S
ἐξαπάτησε,2,S
ἐξαπάτησεν,1,S
ἐξαπάτησεν,2,S
ἐξαπάφοιτ̓,1,S
ἐξαπάφοιτ̓,2,S
ἐξαπατάτω,1,S
ἐξαπατάτω,2,S
ἐξαπατήσας,1,S
ἐξαπατήσας,2,S
ἐξαπατήσας,4,L
ἐξαπατήσῃ,1,S
ἐξαπατήσῃ,2,S
ἐξαπαφίσκων,1,S
ἐξαπαφίσκων,2,S
ἐξαπαφὼν,1,S
ἐξαπαφὼν,2,S
ἐξαπολοίατ̓,1,S
ἐξείρυσσαν,2,S
ἐξείρυσσαν,3,S
ἐξελάειν,2,S
ἐξελάσας,2,S
ἐξελάσας,3,L
ἐξελάσωσι,2,S
ἐξελάσωσι,4,S
ἐξελθοῦσα,3,S
ἐξενάριξαν,4,S
ἐξενάριξας,4,S
ἐξεναρίξας,4,S
ἐξεριπόντες,2,S
ἐξεριπόντος,2,S
ἐξερύσας,2,S
ἐξερύσας,3,L
ἐξετάνυσσ̓,2,S
ἐξετέλεσσαν,4,S
ἐξηρώησαν,4,S
ἐξικόμην,1,L
ἐξόπιθε,2,S
ἐπάειραν,3,S
ἐπάκουε,1,S
ἐπάκουσαν,3,S
ἐπάρμενα,1,S
ἐπάρμενον,1,S
ἐπέβησαν,3,S
ἐπέβρισαν,3,S
ἐπέδραμε,2,S
ἐπέδραμεν,2,S
ἐπέλθῃσιν,3,S
ἐπέλλαβε,2,S
ἐπέμυξαν,3,S
ἐπένεικα,3,S
ἐπένευσα,3,S
ἐπέρασσα,3,S
ἐπέρασσας,3,S
ἐπέρησα,3,S
ἐπέτειλας,3,S
ἐπέτρεψας,3,S
ἐπήγαγε,2,S
ἐπήδα,2,L
ἐπήϊξαν,3,S
ἐπίκλησιν,3,S
ἐπίσσωτρα,3,S
ἐπίφρονα,3,S
ἐπίφρονι,3,S
ἐπαΐξαντες,3,L
ἐπαΐξασθαι,3,L
ἐπαΐξασκε,3,L
ἐπαείρας,3,L
ἐπακούσαις,1,S
ἐπακούσῃς,1,S
ἐπαλέα,3,S
ἐπαλεξήσων,1,S
ἐπαμείβεται,1,S
ἐπανέστησαν,4,S
ἐπαπειλήσας,4,L
ἐπασσυτέρας,2,S
ἐπασσυτέρας,4,L
ἐπαυσάμεθα,4,S
ἐπαύσατο,2,S
ἐπελήλατο,3,S
ἐπεμβεβαώς,3,S
ἐπευθόμεθα,4,S
ἐπεφράσατ̓,2,S
ἐπηετανὸς,3,S
ἐπηρεφέας,4,S
ἐπιβάντ̓,1,S
ἐπιβάντ̓,2,L
ἐπιβάντες,2,L
ἐπιβαίην,1,S
ἐπιβαίης,1,S
ἐπιβᾶσα,1,S
ἐπιβᾶσα,2,L
ἐπιβᾶσα,3,S
ἐπιβῆναι,1,S
ἐπιγνάμψας,3,L
ἐπιγράψας,3,L
ἐπιδευής,1,S
ἐπιδευὴς,1,S
ἐπιδεύετ̓,1,S
ἐπιδωσόμεθ̓,1,S
ἐπιδόντα,3,S
ἐπιδώσω,1,S
ἐπιείκελ̓,1,S
ἐπιείκελα,1,S
ἐπιείκελα,4,S
ἐπιεισαμένη,1,S
ἐπιθαρσύνων,3,L
ἐπιθεὶς,1,S
ἐπιθρῴσκουσα,4,S
ἐπικαμπύλα,3,S
ἐπικαμπύλα,4,S
ἐπικεκλιμένας,5,L
ἐπικροτέοντα,5,S
ἐπιλήθεο,1,S
ἐπιλήθεται,1,S
ἐπιλήσονται,1,S
ἐπιμίσγεται,1,S
ἐπιμειδήσας,4,L
ἐπιμηθέα,4,S
ἐπιπείθεθ̓,1,S
ἐπιπείθεο,1,S
ἐπιπείθονται,1,S
ἐπιπειθόμεναι,1,S
ἐπιπειθόμενος,1,S
ἐπιπνείουσι,4,S
ἐπισκύνιον,3,S
ἐπισπορίην,3,S
ἐπιστάμεθα,4,S
ἐπιστολάδην,3,S
ἐπιστρέψας,3,L
ἐπιστροφάδην,3,S
ἐπιτέλλεται,1,S
ἐπιτείλας,3,L
ἐπιτελλομενάων,1,S
ἐπιτελλομενάων,5,L
ἐπιτετράφαται,1,S
ἐπιτετράφαται,4,S
ἐπιτράπεθ̓,1,S
ἐπιτράπεθ̓,2,S
ἐπιτραπέουσι,1,S
ἐπιφροσύνῃσιν,5,S
ἐπιχθονίοις,3,S
ἐπιχθονίοισι,3,S
ἐπιχθονίοισι,5,S
ἐπιχθονίους,3,S
ἐπιόρκοις,1,S
ἐποίησαν,3,S
ἐπορούσας,3,S
ἐποτρύνειν,2,L
ἐπόρσειαν,3,S
ἐπότρυνε,2,L
ἐπῄνεσσαν,3,S
ἐπῄνησαν,3,S
ἐράσσατο,1,S
ἐράσσατο,2,S
ἐρέθῃσιν,3,S
ἐρέτας,2,S
ἐρίδων,1,S
ἐρίζειν,1,S
ἐρίζεται,1,S
ἐρίζετο,1,S
ἐρίζητον,1,S
ἐρίζοι,1,S
ἐρίθοισιν,3,S
ἐρίμυκον,1,S
ἐρίμυκον,2,L
ἐρίπῃσιν,3,S
ἐρίσσειαν,1,S
ἐρίσσειαν,3,S
ἐρίσσειε,1,S
ἐρίφοισι,3,S
ἐρίφους,1,S
ἐρατή,1,S
ἐρατεινάς,3,S
ἐρατεινὰς,3,S
ἐρατὰ,2,S
ἐρατὴ,1,S
ἐρατὴν,1,S
ἐρατὸς,1,S
ἐρατῇ,1,S
ἐρείσας,2,S
ἐρευθαλίων,2,S
ἐρευθαλίων,3,S
ἐρευθαλίωνι,2,S
ἐρευθαλίωνι,3,S
ἐρευθαλίωνι,5,S
ἐρητύετ̓,2,L
ἐρητύεται,2,L
ἐριαύχενας,4,S
ἐριζέμεν,1,S
ἐριζέμεναι,1,S
ἐριθηλέας,1,S
ἐριθηλέας,4,S
ἐριθηλέος,1,S
ἐρινύς,2,S
ἐρινὺς,2,S
ἐρινῦς,2,S
ἐριποῦσ̓,1,S
ἐριχθόνιος,3,S
ἐρρίγησαν,1,L
ἐρρίγησαν,3,S
ἐρρίγησε,1,L
ἐρρίγοντι,1,L
ἐρρίγοντι,3,S
ἐρυγόντα,3,S
ἐρυσσάμενος,1,S
ἐρχομένοισιν,4,S
ἐρόεσσα,3,S
ἐρύκοι,1,L
ἐρύξας,1,L
ἐρύξας,2,S
ἐρύξει,1,L
ἐρύξομεν,1,L
ἐρύσαιμ̓,1,S
ἐρύσαιτ̓,1,S
ἐρύσαντες,2,S
ἐρύσαντο,2,S
ἐρύσαντό,2,S
ἐρύσας,2,S
ἐρύσασ̓,1,S
ἐρύσασ̓,2,S
ἐρύσασθαι,2,S
ἐρύσσαι,1,S
ἐρύσσασθαι,1,S
ἐρύσσασθαι,2,S
ἐρύσσατο,1,S
ἐρύσσεαι,1,S
ἐρύσσεται,1,S
ἐρύσσομεν,1,S
ἐρύσσῃς,1,S
ἐρῆμα,2,S
ἐσάωσ̓,1,S
ἐσάωσαν,1,S
ἐσάωσαν,3,S
ἐσίδῃ,1,S
ἐσθλάς,1,S
ἐσθλοῖσιν,2,S
ἐσθλὰ,1,S
ἐσθῆτι,2,S
ἐσιδοῦσα,3,S
ἐσκίασαν,2,S
ἐσκίασαν,3,S
ἐσπάσατ̓,1,S
ἐσπάσατ̓,2,S
ἐσσεύαντο,2,S
ἐσσομένοισιν,4,S
ἐσσυμένην,1,S
ἐστίν,1,S
ἐστρατόωνθ̓,1,S
ἐστυφέλιξαν,4,S
ἐσχατόωντα,4,S
ἐσχατόωσα,4,S
ἐσχατόωσαν,1,S
ἐσχατόωσαν,4,S
ἐτάλασσας,3,S
ἐτέλεσσας,3,S
ἐτήτυμα,2,S
ἐτήτυμα,3,S
ἐτίναχθεν,1,S
ἐτανύσθη,1,S
ἐτράπετ̓,1,S
ἐτόλμα,2,L
ἐτύμοισιν,1,S
ἐτύμοισιν,3,S
ἐυεργεσιάων,5,L
ἐυθημοσύνη,4,S
ἐυκτίμενον,2,S
ἐυμμελίης,3,S
ἐυστέφανον,3,S
ἐυστέφανος,3,S
ἐυστέφανός,3,S
ἐυστεφάνῳ,3,S
ἐφέπουσι,3,S
ἐφέπουσιν,3,S
ἐφίεσαν,1,L
ἐφίεσαν,3,S
ἐφίλησ̓,1,S
ἐφίλησα,3,S
ἐφίλησαν,3,S
ἐφθίαθ̓,1,S
ἐφοπλισόμεσθα,5,S
ἐφορμᾶσθαι,2,L
ἐφράσσαντο,2,S
ἐφόβησας,3,S
ἐφύρῃ,1,S
ἐφύτευσαν,3,S
ἐφώρμησαν,3,S
ἐχάρησαν,1,S
ἐχάρησαν,3,S
ἐχούσας,2,S
ἐχώρησαν,3,S
ἐϊκυῖ̓,1,S
ἐϋκτιμένας,4,L
ἐϋξέστας,3,L
ἐϋπλεκέας,4,S
ἐύπεπλον,1,S
ἐὺ,1,S
ἐὺς,1,S
ἐᾶν,1,L
ἐᾶσαι,1,L
ἐῢν,1,S
ἐῶσιν,2,S
ἑανὸς,1,L
ἑβδομάτῃ,2,S
ἑδριάασθαι,1,S
ἑδριόωνται,1,S
ἑκάστας,2,S
ἑκάτερθ̓,1,S
ἑκάτερθε,1,S
ἑκαστάτω,1,S
ἑκατηβόλον,1,S
ἑκατόμβοἰ,1,S
ἑλίκεσσιν,1,S
ἑλίκεσσιν,3,S
ἑλίκη,1,S
ἑλίξας,2,S
ἑλικωνιάδων,4,S
ἑλικώπιδι,1,S
ἑλικώπιδι,3,S
ἑλικώπιδι,4,S
ἑλικῶνι,3,S
ἑλκήσουσιν,3,S
ἑλκομενάων,3,L
ἑνδεκάτης,2,S
ἑοῖσιν,2,S
ἑπταπύλῳ,1,S
ἑπταπύλῳ,2,S
ἑρσήεντα,3,S
ἑσπερίδες,2,S
ἑσσαμένη,1,S
ἑσταότ̓,1,S
ἑσταότα,3,S
ἑσταότας,3,S
ἑσταότων,1,S
ἑστᾶσ̓,1,S
ἑστᾶσι,2,S
ἑτέροισί,3,S
ἑταίροισιν,3,S
ἑτοιμάσατ̓,2,S
ἑτοιμάσατ̓,3,S
ἑτοιμασσαίατ̓,2,S
ἑὰς,1,L
ἑῇσι,2,S
ἔαρ,1,S
ἔαρος,1,S
ἔασ̓,1,L
ἔασας,2,S
ἔασι,1,L
ἔασκε,1,L
ἔασκεν,1,L
ἔασκες,1,L
ἔβαλ̓,1,S
ἔβαλέν,1,S
ἔβαλλον,1,S
ἔβησαν,2,S
ἔβλαψάς,1,S
ἔβλαψάς,2,S
ἔβλαψε,1,S
ἔβραχε,1,S
ἔβρισαν,2,S
ἔγειραν,2,S
ἔδαψας,2,S
ἔδειμα,2,S
ἔδειμαν,2,S
ἔδειραν,2,S
ἔδεισας,2,S
ἔδοσάν,2,S
ἔδουσι,2,S
ἔδουσιν,2,S
ἔδραμ̓,1,S
ἔδραμε,1,S
ἔδυν,1,L
ἔδυσαν,2,S
ἔδωκαν,2,S
ἔδωκας,2,S
ἔησθα,2,S
ἔθαν̓,1,S
ἔθεσαν,2,S
ἔθηκας,2,S
ἔθλασε,1,S
ἔκαμνεν,1,S
ἔκαμψαν,2,S
ἔκβαλεν,1,S
ἔκβαλλε,1,S
ἔκηα,2,S
ἔκλαγξαν,2,S
ἔκλιναν,2,S
ἔκλινε,1,L
ἔκτα,1,S
ἔκταθεν,1,S
ἔκταν,1,S
ἔκταν̓,1,S
ἔκτυπον,1,S
ἔλαβ̓,1,S
ἔλαθ̓,1,S
ἔλασ̓,1,S
ἔλασαν,2,L
ἔλασσαν,1,S
ἔλασσαν,2,S
ἔλασσε,1,S
ἔλασσεν,1,S
ἔλασσον,1,S
ἔλαχ̓,1,S
ἔλαχε,1,S
ἔλαχεν,1,S
ἔλθωσι,2,S
ἔλιπε,1,S
ἔλλαβ̓,1,S
ἔλλαβεν,1,S
ἔλλοπας,2,S
ἔλσαν,1,S
ἔλυεν,1,L
ἔλυμα,2,S
ἔλυσ̓,1,L
ἔμβαλ̓,1,S
ἔμειναν,2,S
ἔμεινας,2,S
ἔμιχθεν,1,S
ἔναρα,2,S
ἔνδρυον,1,S
ἔνειμαν,2,S
ἔνεσαν,2,S
ἔνηφιν,2,S
ἔνορχα,2,S
ἔνοσίν,2,S
ἔνοσις,2,S
ἔντυνον,1,L
ἔξαγ̓,1,S
ἔξειμι,2,S
ἔξεσσι,2,S
ἔοικας,2,S
ἔοργας,2,S
ἔπειραν,2,S
ἔπεισιν,2,S
ἔπεσιν,2,S
ἔπεσσι,2,S
ἔπεϊ,2,S
ἔπρηξας,2,S
ἔργματι,1,S
ἔργματι,2,S
ἔρεξας,2,S
ἔρεψα,2,S
ἔρεψαν,2,S
ἔριδας,2,L
ἔριζε,1,S
ἔριζεν,1,S
ἔριθοι,1,L
ἔριθος,1,L
ἔριν,1,S
ἔριπ̓,1,S
ἔρις,1,S
ἔρξας,1,L
ἔρριγ̓,1,L
ἔρυμα,2,S
ἔρυξαν,1,L
ἔρυξε,1,L
ἔρυσαν,2,S
ἔρυσσαν,1,S
ἔρυσσαν,2,S
ἔρυτ̓,1,L
ἔσπασεν,1,S
ἔσσυτ̓,1,S
ἔσφαξαν,2,S
ἔσχατα,1,S
ἔσχατα,2,S
ἔτας,1,S
ἔτεα,2,S
ἔτισαν,2,S
ἔτισας,2,S
ἔτλαν,1,S
ἔτραπ̓,1,S
ἔτραπον,1,S
ἔτραφ̓,1,S
ἔτραφεν,1,S
ἔτυμόν,1,S
ἔτῃσι,2,S
ἔφαθ̓,1,S
ἔφαλον,1,S
ἔφανεν,1,S
ἔφαντο,1,S
ἔφασαν,2,S
ἔφατ̓,1,S
ἔφθιτ̓,1,S
ἔφλυε,1,S
ἔχευαν,2,S
ἔχιδνα,2,S
ἔχιδναν,2,S
ἔχοιμι,2,S
ἔχουσαν,2,S
ἔχουσιν,2,S
ἔχωσι,2,S
ἔχωσιν,2,S
ἔωσιν,2,S
ἕαται,1,S
ἕδνα,1,S
ἕκητι,2,S
ἕλικας,2,S
ἕλιξιν,1,S
ἕλιξιν,2,S
ἕλκῃσιν,2,S
ἕλωρα,2,S
ἕλῃσι,2,S
ἕνδεκά,2,S
ἕνεκά,2,S
ἕνεκα,2,S
ἕξουσιν,2,S
ἕποντα,2,S
ἕπουσαν,2,S
ἕπουσιν,2,S
ἕσσαντο,1,S
ἕσσασθαι,1,S
ἕστατον,1,S
ἕστηκας,2,L
ἕταροί,1,S
ἕταῤ,1,S
ἠΰ,1,S
ἠΰν,1,S
ἠΰς,1,S
ἠΰτ̓,1,S
ἠγάγεθ̓,1,S
ἠγάγετ̓,1,S
ἠερίβοια,4,S
ἠεροειδέι,5,S
ἠερόεντα,4,S
ἠερόεντι,4,S
ἠετίωνα,4,S
ἠκόντισαν,3,S
ἠλάσκουσιν,3,S
ἠλήλαντο,2,S
ἠλίβατοι,1,S
ἠλίβατοι,2,S
ἠλεκτρύωνα,4,S
ἠλιβάτοιο,1,S
ἠλιβάτοιο,2,S
ἠλιβάτους,1,S
ἠλιβάτους,2,S
ἠλιβάτῳ,1,S
ἠλιβάτῳ,2,S
ἠλύθομεν,1,S
ἠμάτιος,1,S
ἠμάτιος,2,S
ἠμαθίωνα,4,S
ἠμύει,1,L
ἠνεμόεντα,4,S
ἠνιοπῆα,4,S
ἠπεροπεύσας,4,L
ἠράσατ̓,1,S
ἠράσατ̓,2,S
ἠράσσατο,1,S
ἠρήσαντο,2,S
ἠρείσατο,2,S
ἠριγένεια,1,S
ἠριγένεια,4,S
ἠριδανὸν,2,S
ἠρώησαν,3,S
ἠρᾶθ̓,1,L
ἠρᾶτ̓,1,L
ἠτίμησ̓,1,L
ἠυκόμοιο,1,S
ἠυκόμου,1,S
ἠυκόμους,1,S
ἠχέτα,2,S
ἠχήεσσα,3,S
ἠϊονῆα,4,S
ἠϊόνα,1,S
ἠϊόνα,3,S
ἠόα,2,S
ἠύκομος,1,S
ἠώιος,2,S
ἠὺν,1,S
ἠῢ,1,S
ἠῢς,1,S
ἠῶθι,2,S
ἡβώοντα,3,S
ἡγήσασθαι,2,S
ἡγήσατ̓,2,S
ἡγεμόνα,3,S
ἡγεμόνας,3,S
ἡγησάσθην,2,S
ἡγησάσθω,2,S
ἡδεῖα,2,S
ἡδυέπειαι,1,S
ἡμίθεοι,1,S
ἡμετέροισι,4,S
ἡμιπέλεκκα,4,S
ἡμιόνοισι,1,S
ἡμιόνοισι,4,S
ἡμιόνου,1,S
ἡνί̓,1,S
ἡνιοχῆα,4,S
ἡνιόχεὐ,1,S
ἡρακλέα,3,S
ἡρακλεΐδην,3,S
ἡρακλεΐδης,3,S
ἡρακλῆα,3,S
ἤγαγ̓,1,S
ἤθεα,2,S
ἤθεσι,2,S
ἤισαν,1,S
ἤισαν,2,S
ἤκαχε,1,S
ἤλασ̓,1,S
ἤλασα,1,S
ἤλασα,2,S
ἤλειψαν,2,S
ἤλυθ̓,1,S
ἤματ̓,1,S
ἤματος,1,S
ἤμυνε,1,L
ἤπιον,1,S
ἤπυον,1,S
ἤρατ̓,1,S
ἤρισε,1,S
ἤρτυε,1,S
ἤρυον,1,S
ἤσθιον,1,S
ἤσκησαν,2,S
ἤϊ̓,1,S
ἤϊα,1,S
ἤϊα,2,S
ἤϋσ̓,1,L
ἥατ̓,1,S
ἥρπαξε,1,S
ἥρωι,2,S
ἥτις,1,S
ἰάνασσα,3,S
ἰάνθη,0,S
ἰάχεσκε,0,S
ἰάχεσκε,1,S
ἰήσασθαι,2,S
ἰαπετιονίδη,0,L
ἰαπετιονίδη,5,S
ἰαπετιονίδης,5,S
ἰαπετιονίδῃ,5,S
ἰαπετοῖο,0,L
ἰαπετοῖο,1,S
ἰαχήν,0,S
ἰαχήν,1,S
ἰαωλκὸν,0,S
ἰαωλκὸν,1,S
ἰαωλκὸς,0,S
ἰαωλκὸς,1,S
ἰδ̓,0,S
ἰδαῖ̓,0,L
ἰδμοσύνῃσιν,4,S
ἰδοῦσ̓,0,S
ἰδοῦσα,0,S
ἰδοῦσα,2,S
ἰδυῖά,0,S
ἰδυῖά,2,S
ἰδυῖα,0,S
ἰδυῖα,2,S
ἰδυῖαι,0,S
ἰδυῖαν,2,S
ἰεῖσαι,0,L
ἰητροῖς,0,L
ἰητὴρ,0,L
ἰητῆῤ,0,L
ἰθάκην,0,S
ἰθάκην,1,S
ἰθείας,0,L
ἰθείας,2,L
ἰθείῃσι,0,L
ἰθείῃσι,3,S
ἰθεῖάν,0,L
ἰθεῖάν,2,S
ἰθεῖαν,0,L
ἰθεῖαν,2,S
ἰθυδίκῃσι,4,S
ἰθυνθήτην,0,L
ἰθυνθήτην,1,L
ἰθυπτίωνα,4,S
ἰθύνετε,0,L
ἰθύνετε,1,L
ἰθύνετο,0,L
ἰθύνετο,1,L
ἰθύνοι,0,L
ἰθύνοι,1,L
ἰθύντατα,1,S
ἰθύσῃ,0,L
ἰθύσῃ,1,L
ἰθὺ,0,L
ἰθὺ,1,S
ἰλιονῆα,4,S
ἰλιόθι,3,S
ἰλιόφι,3,S
ἰολάου,2,L
ἰολάῳ,2,L
ἰούσας,2,S
ἰούσῃ,0,S
ἰοῖσίν,2,S
ἰοῦσαν,2,S
ἰσάζουσ̓,0,L
ἰσχανάασκον,1,S
ἰσχανάασκον,2,S
ἰσχανόωσαν,4,S
ἰσχανόωσιν,4,S
ἰσχύι,1,S
ἰσχύι,2,S
ἰτυμονῆα,4,S
ἰφθίμου,1,L
ἰφιάνασσα,4,S
ἰφιδάμαντα,3,L
ἰφιδάμαντι,3,L
ἰφικλῆα,3,S
ἰφιτίωνα,4,S
ἰχθὺν,1,S
ἰχθὺς,1,S
ἰχθῦς,1,S
ἰωκάς,2,S
ἰωχμοῖο,0,L
ἰωὴ,0,S
ἰόλαον,2,L
ἰόλαος,2,L
ἰόνθ̓,0,S
ἰόντ̓,0,S
ἰόντας,2,S
ἰόντι,2,S
ἰὰ,1,S
ἰὸν,0,S
ἰᾶτ̓,0,L
ἱέμεν,0,L
ἱέρειαν,3,S
ἱδρύνθησαν,3,S
ἱδρώοντας,3,S
ἱδρῶτα,2,S
ἱεράων,2,S
ἱερεύσαντες,0,S
ἱεροῖσι,3,S
ἱεροῖσιν,3,S
ἱερὰς,2,S
ἱερῆα,3,S
ἱεῖσαι,0,L
ἱεῖσι,2,S
ἱκέσθ̓,0,S
ἱκέτῃσι,0,S
ἱκέτῃσι,3,S
ἱκετάονά,0,S
ἱκετάονά,2,L
ἱκετάονά,4,S
ἱκεταονίδην,4,S
ἱκοίμεθ̓,0,S
ἱκόμεσθ̓,0,S
ἱκόμεσθα,3,S
ἱλάσκεσθαι,1,S
ἱλάσκηται,0,L
ἱλάσκηται,1,S
ἱλάσκονται,1,S
ἱλάσκοντο,1,S
ἱλάσσεαι,1,S
ἱλασσάμενοι,1,S
ἱμάντα,1,L
ἱμάντας,1,L
ἱμάντεσσι,0,S
ἱμάντεσσι,1,L
ἱμάντεσσι,3,S
ἱμάσσας,0,S
ἱμάσσας,1,S
ἱμάσσας,2,L
ἱμάσσω,1,S
ἱμάσσῃ,1,S
ἱμείρων,0,L
ἱμερόεντα,0,L
ἱμερόεντα,4,S
ἱμερόεντας,0,L
ἱμερόεντας,4,S
ἱμερόεσσα,0,L
ἱμερόεσσα,4,S
ἱμερόεσσαν,0,L
ἱμερόεσσαν,4,S
ἱμᾶσιν,2,S
ἱππάσου,0,L
ἱππήεσσι,3,S
ἱππασίδῃσι,4,S
ἱπποδάμεια,4,S
ἱπποδάμειαν,4,S
ἱπποδάσεια,2,S
ἱπποδάσεια,4,S
ἱπποδασείας,4,L
ἱπποκορυστάς,4,S
ἱπποκορυστὰς,4,S
ἱπποκόωντα,4,S
ἱππόδαμος,2,S
ἱστίαιαν,3,S
ἱστίην,1,S
ἱστίῃ,1,S
ἱσταμένοιο,1,S
ἱσταμένου,1,S
ἱστοβοῆι,4,S
ἴδ̓,0,S
ἴδητ̓,0,S
ἴδμεν,0,S
ἴδμεναι,0,S
ἴδριές,1,S
ἴδωμ̓,0,S
ἴεν,0,S
ἴηλα,2,S
ἴθ̓,0,S
ἴθυνε,0,L
ἴθυνε,1,L
ἴθυσαν,2,S
ἴκελαι,0,S
ἴκελοι,0,S
ἴκρἰ,1,S
ἴμεναι,0,S
ἴρηξ,0,L
ἴρισσιν,1,S
ἴσας,1,S
ἴσασ̓,0,S
ἴσασ̓,1,L
ἴσασι,2,S
ἴσασιν,2,S
ἴσον,0,L
ἴστέ,0,S
ἴστε,0,S
ἴστω,0,S
ἴτ̓,0,S
ἴτον,0,S
ἴτυν,1,S
ἴφθιμα,1,L
ἴφθιμα,2,S
ἴχνἰ,1,S
ἴωσι,2,S
ἴῃσιν,2,S
ἵεντ̓,0,L
ἵεντο,0,L
ἵεσαν,0,L
ἵεσαν,2,S
ἵετ̓,0,L
ἵησι,0,L
ἵησι,2,S
ἵησιν,2,S
ἵκεθ̓,0,S
ἵκετ̓,0,S
ἵκοιτ̓,0,S
ἵλαον,0,L
ἵλαον,1,S
ἵμασ̓,0,S
ἵμασ̓,1,S
ἵν̓,0,S
ἵνά,1,S
ἵξεαι,0,S
ἵξεσθαι,0,S
ἵξετ̓,0,S
ἵξεται,0,S
ἵξομαι,0,S
ἵπποισίν,2,S
ἵππουρις,2,L
ἵστανται,1,S
ἵσταντο,1,S
ἵστασ̓,1,S
ἵστασθ̓,1,S
ἵστατ̓,1,S
ἵστορα,2,S
ἶν̓,0,L
ἶρίν,1,S
ἶσ̓,0,L
ἷκτο,0,S
ἷξε,0,L
ἷξεν,0,L
ἷξον,0,L
ὀίων,1,S
ὀαρίζετον,1,S
ὀαριστύν,3,L
ὀαριστὺς,1,S
ὀβριμοεργός,1,S
ὀβριμοπάτρης,1,S
ὀβριμόθυμον,3,L
ὀγδοάτη,2,S
ὀγδοάτῃ,2,S
ὀδοῦσι,2,S
ὀδοῦσιν,2,S
ὀδυρομένοισιν,1,L
ὀδυρομένοισιν,5,S
ὀδυσσέος,1,S
ὀδυσσαμένοιο,1,S
ὀδυσσεύς,1,S
ὀδυσσεὺς,1,S
ὀδυσσεῦ,1,S
ὀδυσσῆα,1,S
ὀδυσσῆα,3,S
ὀδυσσῆος,1,S
ὀδυσσῆϊ,1,S
ὀδυσῆι,1,S
ὀδυσῆι,3,S
ὀθόνῃσιν,3,S
ὀιζυροῖσιν,2,L
ὀιζυροῖσιν,4,S
ὀιζυρῇ,2,L
ὀιζύος,2,S
ὀιζὺν,2,S
ὀλέκουσιν,3,S
ὀλέσας,2,L
ὀλέσσας,2,L
ὀλίγων,1,S
ὀλίγῳ,1,S
ὀλιζῶνα,3,S
ὀλλύντάς,2,S
ὀλοιῇσι,3,S
ὀλοοσσόνα,4,S
ὀλοφυρομένη,2,L
ὀλοφυρόμεθ̓,2,L
ὀλοὰ,2,S
ὀλύμπιον,2,S
ὀλώιόν,2,S
ὀμφαλόεσσαν,4,S
ὀμόσαιμι,3,S
ὀμόσσας,2,L
ὀνίνησι,3,S
ὀνίνησιν,1,S
ὀνίνησιν,3,S
ὀνείαθ̓,2,S
ὀνείατ̓,2,S
ὀνειδίζειν,2,S
ὀνειδίζων,2,S
ὀξέι,2,S
ὀξείας,2,S
ὀξείῃσι,3,S
ὀξυόεντα,4,S
ὀξύ,1,S
ὀπάζει,1,S
ὀπάζοι,1,S
ὀπάζων,1,S
ὀπάσαι,1,S
ὀπάσσας,1,S
ὀπάσσας,2,S
ὀπάσσατο,1,S
ὀπάσσεαι,1,S
ὀπάσσομεν,1,S
ὀπίσσω,1,S
ὀπαζόμενος,1,S
ὀπιπεύεις,1,L
ὀπιπεύοντ̓,1,L
ὀπιπεύοντα,1,L
ὀπιπεύοντα,4,S
ὀπταλέα,3,S
ὀπωρινὸν,2,L
ὀρέξατ̓,2,S
ὀρίνθη,1,L
ὀρεκτῇσιν,3,S
ὀρεξάσθω,2,S
ὀρεξαμένη,2,S
ὀρθὰς,1,L
ὀρινθείη,1,L
ὀρνίθεσσι,1,L
ὀρνίθεσσι,3,S
ὀρνίθεσσιν,3,S
ὀρνίθων,1,L
ὀρούσας,2,S
ὀρυμαγδὸν,1,S
ὀρφανικοί,1,S
ὀρφανικοί,2,S
ὀρφανὰ,2,S
ὀρχηστύν,2,L
ὀρόθυνεν,2,L
ὀρόθυνον,2,L
ὀτρυντὺν,2,L
ὀτρυντῆϊ,3,S
ὀτρυνώμεθ̓,1,L
ὀτρύνεσκον,1,L
ὀτρύνουσ̓,1,L
ὀτρύνουσιν,1,L
ὀτρύνουσιν,3,S
ὀτρύνῃσι,1,L
ὀτρύνῃσι,3,S
ὀφέλλουσα,3,S
ὀφέλλωσίν,3,S
ὀφίων,1,S
ὀφρῦς,1,S
ὀχθήσας,2,L
ὀχλίσσειαν,3,S
ὀχυρώτατός,3,S
ὀχῆα,2,S
ὀχῆας,2,S
ὀϊζὺν,2,S
ὀϊζὺς,2,S
ὀϊλῆϊ,3,S
ὀϊσθεὶς,1,L
ὁμαρτήσας,3,L
ὁμοίιος,2,S
ὁμοκλήσαντες,3,L
ὁμοκλήσασκέ,3,L
ὁμοῖα,2,S
ὁμόκλα,2,L
ὁμόκλησάν,3,L
ὁμόφρονας,3,S
ὁμὰ,1,S
ὁπλέα,2,S
ὁπλίζοντο,1,S
ὁπλίσαθ̓,1,S
ὁπλίσσατο,1,S
ὁπλοτάτην,2,S
ὁπλότατον,2,S
ὁρμήθησαν,3,S
ὁρμήσωσι,3,S
ὁρμαίνοντα,3,S
ὁρμαίνοντι,3,S
ὁρμηθέντα,3,S
ὁρμηθέντι,3,S
ὁρμᾶτ̓,1,L
ὁρᾶν,1,L
ὁρᾶσθαι,1,L
ὁρῶσι,2,S
ὄβριμ̓,1,S
ὄβριμοι,1,S
ὄζοισιν,2,S
ὄθρυος,1,S
ὄιες,1,S
ὄις,1,S
ὄλβιοι,1,S
ὄλβιος,1,S
ὄλεσσαν,2,S
ὄμματ̓,1,S
ὄναρ,1,S
ὄνησα,2,S
ὄνυχας,1,S
ὄνυχας,2,S
ὄνυχες,1,S
ὄπαζε,1,S
ὄπαζεν,1,S
ὄπασσε,1,S
ὄπασσεν,1,S
ὄπασσον,1,S
ὄπισθ̓,1,S
ὄπισθε,1,S
ὄπισθεν,1,S
ὄπτησάν,2,S
ὄρεξας,2,S
ὄρεσσιν,2,S
ὄρθιος,1,S
ὄρνιθ̓,1,L
ὄρνις,1,L
ὄρνυθ̓,1,S
ὄρνυντο,1,S
ὄρνυσθ̓,1,S
ὄρνυσθε,1,S
ὄρνυτ̓,1,S
ὄρσασ̓,1,L
ὄρσασκεν,1,L
ὄρυξαν,2,S
ὄσσαν,1,S
ὄσσοισι,2,S
ὄσσοισιν,2,S
ὄτρυν̓,1,L
ὄφιν,1,S
ὄφιος,1,S
ὄχεα,2,S
ὄχθησαν,2,S
ὄχθῃσιν,2,S
ὄψίν,1,S
ὄϊες,1,S
ὄϊς,1,S
ὅθί,1,S
ὅμαδός,1,S
ὅρκἰ,1,S
ὅρπηκα,2,S
ὅσσα,1,S
ὅσσοισιν,2,S
ὅστις,1,S
ὅτίς,1,S
ὅτιν̓,1,S
ὅτινας,2,S
ὅτις,1,S
ὑάδας,1,S
ὑάδες,1,S
ὑβριστῇσι,3,S
ὑετοῦ,0,L
ὑλήενθ̓,0,L
ὑλήεντι,0,L
ὑλήεντι,3,S
ὑμέτερόνδ̓,0,L
ὑμετέρου,0,L
ὑμνεῦσι,2,S
ὑμὸν,0,L
ὑπ̓,0,S
ὑπάλυξας,3,S
ὑπέδεισαν,3,S
ὑπέδραμε,2,S
ὑπέλυντο,2,L
ὑπέμειναν,0,S
ὑπέμειναν,3,S
ὑπένερθεν,0,S
ὑπέρειαν,3,S
ὑπέρπτατο,2,S
ὑπέρτατα,0,S
ὑπέρτατα,2,S
ὑπέρτατα,3,S
ὑπέσταν,2,S
ὑπέστρεφε,0,S
ὑπέσχεο,0,S
ὑπήνεικαν,3,S
ὑπαΐξας,3,L
ὑπασπίδια,4,S
ὑπεδέξατο,0,S
ὑπεδέξατο,3,S
ὑπεθήκατο,0,S
ὑπεθήκατο,3,S
ὑπειρέβαλον,0,S
ὑπειρέβαλον,3,S
ὑπεκπροφύγῃ,0,S
ὑπεκπροφύγῃ,3,S
ὑπεναντίοι,3,S
ὑπερήνωρ,0,S
ὑπερήφανα,3,S
ὑπερήφανα,4,S
ὑπερίονά,0,S
ὑπερίονά,2,L
ὑπερίονά,4,S
ὑπερβάλλων,0,S
ὑπερβάλλων,2,S
ὑπερβασίας,0,S
ὑπερβασίας,2,S
ὑπερβασίας,3,S
ὑπερησίην,3,S
ὑπεριονίδαο,5,L
ὑπερκύδαντα,0,S
ὑπερκύδαντα,2,L
ὑπερκύδαντα,4,S
ὑπερμενέα,4,S
ὑπερμενέι,0,S
ὑπερμενέι,4,L
ὑπερμενέος,0,S
ὑπερόπλου,0,S
ὑπερώησαν,4,S
ὑπερῷ̓,0,S
ὑπεχώρησαν,0,S
ὑπεχώρησαν,4,S
ὑποδέξεται,0,S
ὑποδέχθαι,0,S
ὑποδδείσας,0,S
ὑποδδείσας,3,L
ὑποδείσας,0,S
ὑποδείσας,3,L
ὑποδμηθεῖσα,4,S
ὑποθησόμεθ̓,0,S
ὑποκρίναιτο,0,S
ὑποκρίναιτο,2,L
ὑποστρέψωσι,0,S
ὑποστρέψωσι,4,S
ὑποταρτάριοι,0,S
ὑποταρτάριοι,3,S
ὑποταρτάριοι,4,S
ὑποφθὰς,2,L
ὑποχθόνιοι,3,S
ὑπόεικον,0,S
ὑπῆσαν,2,S
ὑρίην,1,S
ὑφ̓,0,S
ὑψίκομοι,1,S
ὑψηλάς,2,L
ὑψηλῇσι,3,S
ὑψηχέας,3,S
ὑψικόμοισι,4,S
ὔμμ̓,0,L
ὔμμε,0,L
ὔμμες,0,L
ὔμμι,0,L
ὔμμιν,0,L
ὕβριες,1,S
ὕβρις,1,S
ὕδει,0,L
ὕει,0,L
ὕλῃ,0,L
ὕοι,0,L
ὕπ̓,0,S
ὕπτιον,1,S
ὕφ̓,0,S
ὠγύγιον,2,S
ὠδύσσατο,1,S
ὠδύσσατο,2,S
ὠκεανίνη,3,L
ὠκεανὸς,2,S
ὠκεῖαν,2,L
ὠκυπέτην,1,S
ὠκυπέτης,1,S
ὠκυπόδεσσι,1,S
ὠκυπόδεσσι,4,S
ὠκυπόροισι,4,S
ὠκύποδας,3,S
ὠλενίη,2,S
ὠλενίης,2,S
ὠμοθέτησαν,4,S
ὠμοφάγοισι,4,S
ὠμοφάγοισιν,4,S
ὠρέξαθ̓,2,S
ὠρίνετο,1,L
ὠρίνθη,1,L
ὠρίωνα,1,L
ὠρίωνα,3,S
ὠρεύουσι,3,S
ὠσάμεθ̓,1,S
ὤνατο,1,S
ὤνησαν,2,S
ὤνησας,2,S
ὤπαζε,1,S
ὤπασεν,1,S
ὤπτησάν,2,S
ὤρεσσι,2,S
ὤρνυτο,1,S
ὤσαντο,1,S
ὤσασθαι,1,S
ὤτρυνον,1,L
ὥρια,1,S
ὥρια,2,S
ὥριον,1,S
ὥριος,1,S
ὦσας,1,S
ᾐσχυμμένος,1,L
ᾔσχυνας,2,S
ᾤμωξαν,2,S
ῥάχιν,1,S
ῥέξαντας,2,S
ῥέξας,1,L
ῥέοντα,2,S
ῥήγνυνται,1,S
ῥήγνυντο,1,S
ῥήγνυσθαι,1,S
ῥήγνυσθε,1,S
ῥήγνυσκε,1,S
ῥήξαντες,1,S
ῥήξαντο,1,S
ῥήξασθαι,1,S
ῥίγησ̓,0,L
ῥίζαν,1,S
ῥίζῃσιν,2,S
ῥίπην,0,L
ῥαδινοῖσιν,0,S
ῥαδινοῖσιν,1,S
ῥαδινοῖσιν,3,S
ῥαιστῆρα,2,S
ῥείαν,1,S
ῥείας,1,L
ῥεκτῆρα,2,S
ῥηΐδἰ,1,S
ῥηΐδἰ,2,S
ῥηίδιον,1,S
ῥηίδιον,2,S
ῥηιδίη,1,S
ῥηιδίη,2,S
ῥηξόμεθα,3,S
ῥινοτόρῳ,0,L
ῥινοῖο,0,L
ῥινοῖσιν,2,S
ῥιπῆς,0,L
ῥοδίον,1,S
ῥοδίος,1,S
ῥοδίων,1,S
ῥοδόπηχυς,3,S
ῥοῇσι,2,S
ῥυσάσθην,1,S
ῥυσόμεθα,0,L
ῥυτὰ,1,S
ῥόδειά,2,S
ῥόπαλ̓,1,S
ῥύατ̓,0,L
ῥύετ̓,0,L
ῥύεταί,0,L
ῥύομ̓,0,L
ῥύτιόν,1,S
ῥῖνάς,1,S
ῥῖνας,1,S
ῥῦσθαι,0,L
