work,tlg,book,n,text,text_clean,source
The Rape of Helen,tlg001,1,1,"νύμφαι Τρωιάδες, ποταμοῦ Ξάνθοιο γενέθλη,","νύμφαι Τρωιάδες, ποταμοῦ Ξάνθοιο γενέθλη,",tlg4081.tlg001.perseus-grc2.xml
The Rape of Helen,tlg001,1,2,αἳ πλοκάμων κρήδεμνα καὶ ἱερὰ παίγνια χειρῶν,αἳ πλοκάμων κρήδεμνα καὶ ἱερὰ παίγνια χειρῶν,tlg4081.tlg001.perseus-grc2.xml
The Rape of Helen,tlg001,1,3,πολλάκι πατρῴῃσιν ἐπὶ ψαμάθοισι λιποῦσαι,πολλάκι πατρῴῃσιν ἐπὶ ψαμάθοισι λιποῦσαι,tlg4081.tlg001.perseus-grc2.xml
The Rape of Helen,tlg001,1,4,"ἐς χορὸν Ἰδαίῃσιν ἐπεντύνασθε χορείαις,","ἐς χορὸν Ἰδαίῃσιν ἐπεντύνασθε χορείαις,",tlg4081.tlg001.perseus-grc2.xml
The Rape of Helen,tlg001,1,5,"δεῦτε, θεμιστοπόλοιο νοήματα μηλοβοτῆρος","δεῦτε, θεμιστοπόλοιο νοήματα μηλοβοτῆρος",tlg4081.tlg001.perseus-grc2.xml
The Rape of Helen,tlg001,1,6,"εἴπατέ μοι, κελάδοντος ἀπορνύμεναι ποταμοῖο,","εἴπατέ μοι, κελάδοντος ἀπορνύμεναι ποταμοῖο,",tlg4081.tlg001.perseus-grc2.xml
The Rape of Helen,tlg001,1,7,ἐξ ὀρέων πόθεν ἦλθεν ἀήθεα πόντον ἐλαύνων,ἐξ ὀρέων πόθεν ἦλθεν ἀήθεα πόντον ἐλαύνων,tlg4081.tlg001.perseus-grc2.xml
The Rape of Helen,tlg001,1,8,ἀγνώσσων ἁλὸς ἔργα; τί δὲ χρέος ἔπλετο νηῶν,ἀγνώσσων ἁλὸς ἔργα; τί δὲ χρέος ἔπλετο νηῶν,tlg4081.tlg001.perseus-grc2.xml
The Rape of Helen,tlg001,1,9,"ἀρχεκάκων, ἵνα πόντον ὁμοῦ καὶ γαῖαν ὀρίνῃ","ἀρχεκάκων, ἵνα πόντον ὁμοῦ καὶ γαῖαν ὀρίνῃ",tlg4081.tlg001.perseus-grc2.xml
The Rape of Helen,tlg001,1,10,"βουκόλος; ὠγυγίη δὲ τίς ἔπλετο νείκεος ἀρχή,","βουκόλος; ὠγυγίη δὲ τίς ἔπλετο νείκεος ἀρχή,",tlg4081.tlg001.perseus-grc2.xml
The Rape of Helen,tlg001,1,11,ὄφρα καὶ ἀθανάτοισι θεμιστεύσωσι νομῆες;,ὄφρα καὶ ἀθανάτοισι θεμιστεύσωσι νομῆες;,tlg4081.tlg001.perseus-grc2.xml
The Rape of Helen,tlg001,1,12,τίς δὲ δικασπολίη; πόθεν ἔκλυεν οὔνομα νύμφης,τίς δὲ δικασπολίη; πόθεν ἔκλυεν οὔνομα νύμφης,tlg4081.tlg001.perseus-grc2.xml
The Rape of Helen,tlg001,1,13,Ἀργείης; αὐταὶ γὰρ ἐθηήσασθε μολοῦσαι,Ἀργείης; αὐταὶ γὰρ ἐθηήσασθε μολοῦσαι,tlg4081.tlg001.perseus-grc2.xml
The Rape of Helen,tlg001,1,14,Ἰδαίης τρικάρηνον ὑπὸ πρηῶνα Φαλάκρης,Ἰδαίης τρικάρηνον ὑπὸ πρηῶνα Φαλάκρης,tlg4081.tlg001.perseus-grc2.xml
The Rape of Helen,tlg001,1,15,καὶ Πάριν οἰοπόλοισιν ἐφεδριόωντα θοώκοις,καὶ Πάριν οἰοπόλοισιν ἐφεδριόωντα θοώκοις,tlg4081.tlg001.perseus-grc2.xml
The Rape of Helen,tlg001,1,16,καὶ Χαρίτων βασίλειαν ἀγαλλομένην Ἀφροδίτην.,καὶ Χαρίτων βασίλειαν ἀγαλλομένην Ἀφροδίτην.,tlg4081.tlg001.perseus-grc2.xml
The Rape of Helen,tlg001,1,17,ὣς ὁ μὲν ὑψιλόφοισιν ἐν οὔρεσιν Αἱμονιήων,ὣς ὁ μὲν ὑψιλόφοισιν ἐν οὔρεσιν Αἱμονιήων,tlg4081.tlg001.perseus-grc2.xml
The Rape of Helen,tlg001,1,18,νυμφιδίων Πηλῆος ἀειδομένων ὑμεναίων,νυμφιδίων Πηλῆος ἀειδομένων ὑμεναίων,tlg4081.tlg001.perseus-grc2.xml
The Rape of Helen,tlg001,1,19,Ζηνὸς ἐφημοσύνῃσιν ἐῳνοχόει Γανυμήδης·,Ζηνὸς ἐφημοσύνῃσιν ἐῳνοχόει Γανυμήδης·,tlg4081.tlg001.perseus-grc2.xml
The Rape of Helen,tlg001,1,20,πᾶσα δὲ κυδαίνουσα θεῶν ἔσπευδε γενέθλη,πᾶσα δὲ κυδαίνουσα θεῶν ἔσπευδε γενέθλη,tlg4081.tlg001.perseus-grc2.xml
The Rape of Helen,tlg001,1,21,"αὐτοκασιγνήτην λευκώλενον Ἀμφιτρίτης,","αὐτοκασιγνήτην λευκώλενον Ἀμφιτρίτης,",tlg4081.tlg001.perseus-grc2.xml
The Rape of Helen,tlg001,1,22,"Ζεὺς μὲν ἀπʼ Οὐλύμποιο, Ποσειδάων δὲ θαλάσσης·","Ζεὺς μὲν ἀπ’ Οὐλύμποιο, Ποσειδάων δὲ θαλάσσης·",tlg4081.tlg001.perseus-grc2.xml
The Rape of Helen,tlg001,1,23,ἐκ δὲ Μελισσήεντος ἀπʼ εὐόδμου Ἑλικῶνος,ἐκ δὲ Μελισσήεντος ἀπ’ εὐόδμου Ἑλικῶνος,tlg4081.tlg001.perseus-grc2.xml
The Rape of Helen,tlg001,1,24,Μουσάων λιγύφωνον ἄγων χορὸν ἦλθεν Ἀπόλλων·,Μουσάων λιγύφωνον ἄγων χορὸν ἦλθεν Ἀπόλλων·,tlg4081.tlg001.perseus-grc2.xml
The Rape of Helen,tlg001,1,25,χρυσείοις δʼ ἑκάτερθε τινασσόμενος πλοκάμοισι,χρυσείοις δ’ ἑκάτερθε τινασσόμενος πλοκάμοισι,tlg4081.tlg001.perseus-grc2.xml
The Rape of Helen,tlg001,1,26,βότρυς ἀκερσεκόμης ζεφύρῳ στυφελίζετο χαίτης.,βότρυς ἀκερσεκόμης ζεφύρῳ στυφελίζετο χαίτης.,tlg4081.tlg001.perseus-grc2.xml
The Rape of Helen,tlg001,1,27,τὸν δὲ μεθʼ ὡμάρτησε κασιγνήτη Διὸς Ἥρη.,τὸν δὲ μεθ’ ὡμάρτησε κασιγνήτη Διὸς Ἥρη.,tlg4081.tlg001.perseus-grc2.xml
The Rape of Helen,tlg001,1,28,οὐδʼ αὐτὴ βασίλεια καὶ ἁρμονίης Ἀφροδίτη,οὐδ’ αὐτὴ βασίλεια καὶ ἁρμονίης Ἀφροδίτη,tlg4081.tlg001.perseus-grc2.xml
The Rape of Helen,tlg001,1,29,ἐρχομένη δήθυνεν ἐς ἄλσεα Κενταύροιο.,ἐρχομένη δήθυνεν ἐς ἄλσεα Κενταύροιο.,tlg4081.tlg001.perseus-grc2.xml
The Rape of Helen,tlg001,1,30,"καὶ στέφος ἀσκήσασα γαμήλιον ἤλυθε Πειθώ,","καὶ στέφος ἀσκήσασα γαμήλιον ἤλυθε Πειθώ,",tlg4081.tlg001.perseus-grc2.xml
The Rape of Helen,tlg001,1,31,τοξευτῆρος Ἔρωτος ἐλαφρίζουσα φαρέτρην.,τοξευτῆρος Ἔρωτος ἐλαφρίζουσα φαρέτρην.,tlg4081.tlg001.perseus-grc2.xml
The Rape of Helen,tlg001,1,32,καὶ βριαρὴν τρυφάλειαν ἀπὸ κροτάφοιο μεθεῖσα,καὶ βριαρὴν τρυφάλειαν ἀπὸ κροτάφοιο μεθεῖσα,tlg4081.tlg001.perseus-grc2.xml
The Rape of Helen,tlg001,1,33,ἐς γάμον ὡμάρτησε γάμων ἀδίδακτος Ἀθήνη.,ἐς γάμον ὡμάρτησε γάμων ἀδίδακτος Ἀθήνη.,tlg4081.tlg001.perseus-grc2.xml
The Rape of Helen,tlg001,1,34,οὐδὲ κασιγνήτη Λητωιὰς Ἀπόλλωνος,οὐδὲ κασιγνήτη Λητωιὰς Ἀπόλλωνος,tlg4081.tlg001.perseus-grc2.xml
The Rape of Helen,tlg001,1,35,Ἄρτεμις ἠτίμησε καὶ ἀγροτέρη περ ἐοῦσα.,Ἄρτεμις ἠτίμησε καὶ ἀγροτέρη περ ἐοῦσα.,tlg4081.tlg001.perseus-grc2.xml
The Rape of Helen,tlg001,1,36,"οἷος δʼ οὐ κυνέην, οὐ δήιον ἔγχος ἀείρων","οἷος δ’ οὐ κυνέην, οὐ δήιον ἔγχος ἀείρων",tlg4081.tlg001.perseus-grc2.xml
The Rape of Helen,tlg001,1,37,"ἐς δόμον Ἡφαίστοιο σιδήρεος ἔρχεται Ἄρης,","ἐς δόμον Ἡφαίστοιο σιδήρεος ἔρχεται Ἄρης,",tlg4081.tlg001.perseus-grc2.xml
The Rape of Helen,tlg001,1,38,"τοῖος ἄτερ θώρηκος, ἄτερ θηκτοῖο σιδήρου","τοῖος ἄτερ θώρηκος, ἄτερ θηκτοῖο σιδήρου",tlg4081.tlg001.perseus-grc2.xml
The Rape of Helen,tlg001,1,39,μειδιόων ἐχόρευεν. ἔριν δʼ ἀγέραστον ἐάσας,μειδιόων ἐχόρευεν. ἔριν δ’ ἀγέραστον ἐάσας,tlg4081.tlg001.perseus-grc2.xml
The Rape of Helen,tlg001,1,40,οὐ Χείρων ἀλέγιζε καὶ οὐκ ἐμπάζετο Πηλεύς.,οὐ Χείρων ἀλέγιζε καὶ οὐκ ἐμπάζετο Πηλεύς.,tlg4081.tlg001.perseus-grc2.xml
The Rape of Helen,tlg001,1,41,ἡ δʼ ἅτε βησσήεντος ἀποπλαγχθεῖσα νομοῖο,ἡ δ’ ἅτε βησσήεντος ἀποπλαγχθεῖσα νομοῖο,tlg4081.tlg001.perseus-grc2.xml
The Rape of Helen,tlg001,1,42,πόρτις ἐρημαίῃσιν ἐνὶ ξυλόχοισιν ἀλᾶται,πόρτις ἐρημαίῃσιν ἐνὶ ξυλόχοισιν ἀλᾶται,tlg4081.tlg001.perseus-grc2.xml
The Rape of Helen,tlg001,1,43,"φοινήεντι μύωπι, βοῶν ἐλατῆρι, τυπεῖσα·","φοινήεντι μύωπι, βοῶν ἐλατῆρι, τυπεῖσα·",tlg4081.tlg001.perseus-grc2.xml
The Rape of Helen,tlg001,1,44,τοῖα βαρυζήλοισιν Ἔρις πληγῇσι δαμεῖσα,τοῖα βαρυζήλοισιν Ἔρις πληγῇσι δαμεῖσα,tlg4081.tlg001.perseus-grc2.xml
The Rape of Helen,tlg001,1,45,"πλάζετο μαστεύουσα, θεῶν πῶς δαῖτας ὀρίνοι.","πλάζετο μαστεύουσα, θεῶν πῶς δαῖτας ὀρίνοι.",tlg4081.tlg001.perseus-grc2.xml
The Rape of Helen,tlg001,1,46,πολλάκι δʼ εὐλάιγγος ἀπὸ κλισμοῖο θοροῦσα,πολλάκι δ’ εὐλάιγγος ἀπὸ κλισμοῖο θοροῦσα,tlg4081.tlg001.perseus-grc2.xml
The Rape of Helen,tlg001,1,47,ἵστατο καὶ παλίνορσος ἐφέζετο· χειρὶ δὲ γαίης,ἵστατο καὶ παλίνορσος ἐφέζετο· χειρὶ δὲ γαίης,tlg4081.tlg001.perseus-grc2.xml
The Rape of Helen,tlg001,1,48,οὔδεϊ κόλπον ἄραξε καὶ οὐκ ἐφράσσατο πέρην·,οὔδεϊ κόλπον ἄραξε καὶ οὐκ ἐφράσσατο πέρην·,tlg4081.tlg001.perseus-grc2.xml
The Rape of Helen,tlg001,1,49,"ἤθελεν ὀρφναίων γυάλων κληῖδας ἀνεῖσα,","ἤθελεν ὀρφναίων γυάλων κληῖδας ἀνεῖσα,",tlg4081.tlg001.perseus-grc2.xml
The Rape of Helen,tlg001,1,50,ἐκ χθονίων Τιτῆνας ἀναστήσασα βερέθρων,ἐκ χθονίων Τιτῆνας ἀναστήσασα βερέθρων,tlg4081.tlg001.perseus-grc2.xml
The Rape of Helen,tlg001,1,51,οὐρανὸν ὑψιμέδοντος ἀιστῶσαι Διὸς ἕδρην.,οὐρανὸν ὑψιμέδοντος ἀιστῶσαι Διὸς ἕδρην.,tlg4081.tlg001.perseus-grc2.xml
The Rape of Helen,tlg001,1,52,"ἤθελεν ἠχήεντα πυρὸς πρηστῆρα τινάσσειν,","ἤθελεν ἠχήεντα πυρὸς πρηστῆρα τινάσσειν,",tlg4081.tlg001.perseus-grc2.xml
The Rape of Helen,tlg001,1,53,"Ἡφαίστῳ δʼ ὑπόεικεν ἀμαιμακέτη περ ἐοῦσα,","Ἡφαίστῳ δ’ ὑπόεικεν ἀμαιμακέτη περ ἐοῦσα,",tlg4081.tlg001.perseus-grc2.xml
The Rape of Helen,tlg001,1,54,καὶ πυρὸς ἀσβέστοιο καὶ ὀπτευτῆρι σιδήρου.,καὶ πυρὸς ἀσβέστοιο καὶ ὀπτευτῆρι σιδήρου.,tlg4081.tlg001.perseus-grc2.xml
The Rape of Helen,tlg001,1,55,"καὶ σακέων βαρύδουπον ἐμήσατο κόμπον ἀράσσειν,","καὶ σακέων βαρύδουπον ἐμήσατο κόμπον ἀράσσειν,",tlg4081.tlg001.perseus-grc2.xml
The Rape of Helen,tlg001,1,56,εἴ ποτε δειμαίνοντες ἀναθρῴσκοιεν ἰωήν·,εἴ ποτε δειμαίνοντες ἀναθρῴσκοιεν ἰωήν·,tlg4081.tlg001.perseus-grc2.xml
The Rape of Helen,tlg001,1,57,ἀλλά καὶ ὁπλοτέρης δολίης ἀνεχάσσατο βουλῆς,ἀλλά καὶ ὁπλοτέρης δολίης ἀνεχάσσατο βουλῆς,tlg4081.tlg001.perseus-grc2.xml
The Rape of Helen,tlg001,1,58,"Ἄρεα δειμαίνουσα, σιδήρεον ἀσπιδιώτην.","Ἄρεα δειμαίνουσα, σιδήρεον ἀσπιδιώτην.",tlg4081.tlg001.perseus-grc2.xml
The Rape of Helen,tlg001,1,59,ἤδη δʼ Ἑσπερίδων χρυσέων ἐμνήσατο μήλων·,ἤδη δ’ Ἑσπερίδων χρυσέων ἐμνήσατο μήλων·,tlg4081.tlg001.perseus-grc2.xml
The Rape of Helen,tlg001,1,60,"ἔνθεν Ἔρις, πολέμοιο προάγγελον ἔρνος ἑλοῦσα","ἔνθεν Ἔρις, πολέμοιο προάγγελον ἔρνος ἑλοῦσα",tlg4081.tlg001.perseus-grc2.xml
The Rape of Helen,tlg001,1,61,"μῆλον, ἀριζήλων ἐφράσσατο δήνεα μόχθων.","μῆλον, ἀριζήλων ἐφράσσατο δήνεα μόχθων.",tlg4081.tlg001.perseus-grc2.xml
The Rape of Helen,tlg001,1,62,χειρὶ δὲ δινήσασα μόθου πρωτόσπορον ἀρχὴν,χειρὶ δὲ δινήσασα μόθου πρωτόσπορον ἀρχὴν,tlg4081.tlg001.perseus-grc2.xml
The Rape of Helen,tlg001,1,63,"ἐς θαλίην ἔρριψε, χορὸν δʼ ὤρινε θεάων.","ἐς θαλίην ἔρριψε, χορὸν δ’ ὤρινε θεάων.",tlg4081.tlg001.perseus-grc2.xml
The Rape of Helen,tlg001,1,64,Ἥρη μὲν παράκοιτις ἀγαλλομένη Διὸς εὐνῇ,Ἥρη μὲν παράκοιτις ἀγαλλομένη Διὸς εὐνῇ,tlg4081.tlg001.perseus-grc2.xml
The Rape of Helen,tlg001,1,65,ἵστατο θαμβήσασα καὶ ἤθελε ληίζεσθαι·,ἵστατο θαμβήσασα καὶ ἤθελε ληίζεσθαι·,tlg4081.tlg001.perseus-grc2.xml
The Rape of Helen,tlg001,1,66,πασάων δʼ ἅτε Κύπρις ἀρειοτέρη γεγαυῖα,πασάων δ’ ἅτε Κύπρις ἀρειοτέρη γεγαυῖα,tlg4081.tlg001.perseus-grc2.xml
The Rape of Helen,tlg001,1,67,"μῆλον ἔχειν ἐπόθησεν, ὅτι κτέρας ἐστὶν Ἐρώτων·","μῆλον ἔχειν ἐπόθησεν, ὅτι κτέρας ἐστὶν Ἐρώτων·",tlg4081.tlg001.perseus-grc2.xml
The Rape of Helen,tlg001,1,68,Ἥρη δʼ οὐ μεθέηκε καὶ οὐχ ὑπόεικεν Ἀθήνη.,Ἥρη δ’ οὐ μεθέηκε καὶ οὐχ ὑπόεικεν Ἀθήνη.,tlg4081.tlg001.perseus-grc2.xml
The Rape of Helen,tlg001,1,69,Ζεὺς δὲ θεῶν καὶ νεῖκος ἰδὼν καὶ παῖδα καλέσσας,Ζεὺς δὲ θεῶν καὶ νεῖκος ἰδὼν καὶ παῖδα καλέσσας,tlg4081.tlg001.perseus-grc2.xml
The Rape of Helen,tlg001,1,70,τοῖον ὑφεδρήσσοντα προσέννεπεν Ἑρμάωνα·,τοῖον ὑφεδρήσσοντα προσέννεπεν Ἑρμάωνα·,tlg4081.tlg001.perseus-grc2.xml
The Rape of Helen,tlg001,1,71,εἴ τινά που Ξάνθοιο παρʼ Ἰδαίοιο ῥεέθροις,εἴ τινά που Ξάνθοιο παρ’ Ἰδαίοιο ῥεέθροις,tlg4081.tlg001.perseus-grc2.xml
The Rape of Helen,tlg001,1,72,"παῖδα Πάριν Πριάμοιο, τὸν ἀγλαὸν ἡβητῆρα,","παῖδα Πάριν Πριάμοιο, τὸν ἀγλαὸν ἡβητῆρα,",tlg4081.tlg001.perseus-grc2.xml
The Rape of Helen,tlg001,1,73,"Τροίης βουκολέοντα κατʼ οὔρεα, τέκνον, ἀκούεις,","Τροίης βουκολέοντα κατ’ οὔρεα, τέκνον, ἀκούεις,",tlg4081.tlg001.perseus-grc2.xml
The Rape of Helen,tlg001,1,74,κείνῳ μῆλον ὄπαζε· διακρίνειν δὲ θεάων,κείνῳ μῆλον ὄπαζε· διακρίνειν δὲ θεάων,tlg4081.tlg001.perseus-grc2.xml
The Rape of Helen,tlg001,1,75,κέκλεο καὶ βλεφάρων ξυνοχὴν καὶ κύκλα προσώπων.,κέκλεο καὶ βλεφάρων ξυνοχὴν καὶ κύκλα προσώπων.,tlg4081.tlg001.perseus-grc2.xml
The Rape of Helen,tlg001,1,76,ἡ δὲ διακρινθεῖσα φέρειν περίπυστον ὀπώρην,ἡ δὲ διακρινθεῖσα φέρειν περίπυστον ὀπώρην,tlg4081.tlg001.perseus-grc2.xml
The Rape of Helen,tlg001,1,77,κάρτος ἀρειοτέρης ἐχέτω καὶ κόσμον Ἐρώτων.,κάρτος ἀρειοτέρης ἐχέτω καὶ κόσμον Ἐρώτων.,tlg4081.tlg001.perseus-grc2.xml
The Rape of Helen,tlg001,1,78,ὣς ὁ μὲν Ἑρμάωνι πατὴρ ἐπέτελλε Κρονίων·,ὣς ὁ μὲν Ἑρμάωνι πατὴρ ἐπέτελλε Κρονίων·,tlg4081.tlg001.perseus-grc2.xml
The Rape of Helen,tlg001,1,79,αὐτὰρ ὁ πατρῴῃσιν ἐφημοσύνῃσι πιθήσας,αὐτὰρ ὁ πατρῴῃσιν ἐφημοσύνῃσι πιθήσας,tlg4081.tlg001.perseus-grc2.xml
The Rape of Helen,tlg001,1,80,εἰς ὁδὸν ἡγεμόνευε καὶ οὐκ ἀμέλησε θεάων.,εἰς ὁδὸν ἡγεμόνευε καὶ οὐκ ἀμέλησε θεάων.,tlg4081.tlg001.perseus-grc2.xml
The Rape of Helen,tlg001,1,81,πᾶσα δὲ λωιτέρην καὶ ἀμείνονα δίζετο μορφήν.,πᾶσα δὲ λωιτέρην καὶ ἀμείνονα δίζετο μορφήν.,tlg4081.tlg001.perseus-grc2.xml
The Rape of Helen,tlg001,1,82,Κύπρις μὲν δολόμητις ἀναπτύξασα καλύπτρην,Κύπρις μὲν δολόμητις ἀναπτύξασα καλύπτρην,tlg4081.tlg001.perseus-grc2.xml
The Rape of Helen,tlg001,1,83,λαὶ περόνην θυόεντα διαστήσασα κομάων,λαὶ περόνην θυόεντα διαστήσασα κομάων,tlg4081.tlg001.perseus-grc2.xml
The Rape of Helen,tlg001,1,84,"χρυσῷ μὲν πλοκάμους, χρυσῷ δʼ ἐστέψατο χαίτην.","χρυσῷ μὲν πλοκάμους, χρυσῷ δ’ ἐστέψατο χαίτην.",tlg4081.tlg001.perseus-grc2.xml
The Rape of Helen,tlg001,1,85,τοῖα δὲ παῖδας Ἔρωτας ἀνηΰτησεν ἰδοῦσα·,τοῖα δὲ παῖδας Ἔρωτας ἀνηΰτησεν ἰδοῦσα·,tlg4081.tlg001.perseus-grc2.xml
The Rape of Helen,tlg001,1,86,"ἐγγὺς ἀγών, φίλα τέκνα· περιπτύξασθε τιθήνην.","ἐγγὺς ἀγών, φίλα τέκνα· περιπτύξασθε τιθήνην.",tlg4081.tlg001.perseus-grc2.xml
The Rape of Helen,tlg001,1,87,σήμερον ἀγλαΐαι με διακρίνουσι προσώπων·,σήμερον ἀγλαΐαι με διακρίνουσι προσώπων·,tlg4081.tlg001.perseus-grc2.xml
The Rape of Helen,tlg001,1,88,"δειμαίνω, τίνι μῆλον ὁ βουκόλος οὗτος ὀπάσσει.","δειμαίνω, τίνι μῆλον ὁ βουκόλος οὗτος ὀπάσσει.",tlg4081.tlg001.perseus-grc2.xml
The Rape of Helen,tlg001,1,89,"Ἥρην μὲν Χαρίτων ἱερὴν ἐνέπουσι τιθήνην,","Ἥρην μὲν Χαρίτων ἱερὴν ἐνέπουσι τιθήνην,",tlg4081.tlg001.perseus-grc2.xml
The Rape of Helen,tlg001,1,90,φασὶ δὲ κοιρανίην μεθέπειν καὶ σκῆπτρα φυλάσσειν·,φασὶ δὲ κοιρανίην μεθέπειν καὶ σκῆπτρα φυλάσσειν·,tlg4081.tlg001.perseus-grc2.xml
The Rape of Helen,tlg001,1,91,καὶ πολέμων βασίλειαν ἀεὶ καλέουσιν Ἀθήνην·,καὶ πολέμων βασίλειαν ἀεὶ καλέουσιν Ἀθήνην·,tlg4081.tlg001.perseus-grc2.xml
The Rape of Helen,tlg001,1,92,μούνη Κύπρις ἄναλκις ἔην θεός. οὐ βασιλήων,μούνη Κύπρις ἄναλκις ἔην θεός. οὐ βασιλήων,tlg4081.tlg001.perseus-grc2.xml
The Rape of Helen,tlg001,1,93,"κοιρανίην, οὐκ ἔγχος ἀρήιον, οὐ βέλος ἕλκω.","κοιρανίην, οὐκ ἔγχος ἀρήιον, οὐ βέλος ἕλκω.",tlg4081.tlg001.perseus-grc2.xml
The Rape of Helen,tlg001,1,94,ἀλλὰ τί δειμαίνω περιώσιον ἀντὶ μὲν αἰχμῆς,ἀλλὰ τί δειμαίνω περιώσιον ἀντὶ μὲν αἰχμῆς,tlg4081.tlg001.perseus-grc2.xml
The Rape of Helen,tlg001,1,95,ὡς θοὸν ἔγχος ἔχουσα μελίφρονα δεσμὸν ἐρώτων;,ὡς θοὸν ἔγχος ἔχουσα μελίφρονα δεσμὸν ἐρώτων;,tlg4081.tlg001.perseus-grc2.xml
The Rape of Helen,tlg001,1,96,"κεστὸν ἔχω καἰ κέντρον ἄγω καὶ τόξον ἀείρω,","κεστὸν ἔχω καἰ κέντρον ἄγω καὶ τόξον ἀείρω,",tlg4081.tlg001.perseus-grc2.xml
The Rape of Helen,tlg001,1,97,"κεστόν, ὅθεν φιλότητος ἐμῆς ἐμὸν οἶστρον ἑλοῦσαι","κεστόν, ὅθεν φιλότητος ἐμῆς ἐμὸν οἶστρον ἑλοῦσαι",tlg4081.tlg001.perseus-grc2.xml
The Rape of Helen,tlg001,1,98,πολλάκις ὠδίνουσι καὶ οὐ θνῄσκουσι γυναῖκες.,πολλάκις ὠδίνουσι καὶ οὐ θνῄσκουσι γυναῖκες.,tlg4081.tlg001.perseus-grc2.xml
The Rape of Helen,tlg001,1,99,τοῖον ἐφεσπομένη ῥοδοδάκτυλος ἔννεπε Κύπρις.,τοῖον ἐφεσπομένη ῥοδοδάκτυλος ἔννεπε Κύπρις.,tlg4081.tlg001.perseus-grc2.xml
The Rape of Helen,tlg001,1,100,οἱ δʼ ἄρα μητρῴης ἐρατῆς ἀίοντες ἐφετμῆς,οἱ δ’ ἄρα μητρῴης ἐρατῆς ἀίοντες ἐφετμῆς,tlg4081.tlg001.perseus-grc2.xml
The Rape of Helen,tlg001,1,101,φοιτητῆρες Ἔρωτες ἐπερρώοντο τιθήνῃ.,φοιτητῆρες Ἔρωτες ἐπερρώοντο τιθήνῃ.,tlg4081.tlg001.perseus-grc2.xml
The Rape of Helen,tlg001,1,102,"ἄρτι μὲν Ἰδαίην ὑπερέδραμον οὔρεος ἄκρην,","ἄρτι μὲν Ἰδαίην ὑπερέδραμον οὔρεος ἄκρην,",tlg4081.tlg001.perseus-grc2.xml
The Rape of Helen,tlg001,1,103,ἔνθα λιθοκρήδεμνον ὑπὸ πρηῶνος ἐρίπνην,ἔνθα λιθοκρήδεμνον ὑπὸ πρηῶνος ἐρίπνην,tlg4081.tlg001.perseus-grc2.xml
The Rape of Helen,tlg001,1,104,κουρίζων ἐνόμευε Πάρις πατρώια μῆλα.,κουρίζων ἐνόμευε Πάρις πατρώια μῆλα.,tlg4081.tlg001.perseus-grc2.xml
The Rape of Helen,tlg001,1,105,ποιμαίνων δʼ ἑκάτερθεν ἐπὶ προχοῇσιν ἀναύρου,ποιμαίνων δ’ ἑκάτερθεν ἐπὶ προχοῇσιν ἀναύρου,tlg4081.tlg001.perseus-grc2.xml
The Rape of Helen,tlg001,1,106,"νόσφι μέν ἀγρομένων ἀγέλην πεμπάζετο ταύρων,","νόσφι μέν ἀγρομένων ἀγέλην πεμπάζετο ταύρων,",tlg4081.tlg001.perseus-grc2.xml
The Rape of Helen,tlg001,1,107,νόσφι δὲ βοσκομένων διεμέτρεε πώεα μήλων·,νόσφι δὲ βοσκομένων διεμέτρεε πώεα μήλων·,tlg4081.tlg001.perseus-grc2.xml
The Rape of Helen,tlg001,1,108,καί τις ὀρεσσαύλοιο δορὴ μετόπισθε χιμαίρης,καί τις ὀρεσσαύλοιο δορὴ μετόπισθε χιμαίρης,tlg4081.tlg001.perseus-grc2.xml
The Rape of Helen,tlg001,1,109,"ἐκκρεμὲς ᾐώρητο καὶ αὐτῶν ἥπτετο μηρῶν,","ἐκκρεμὲς ᾐώρητο καὶ αὐτῶν ἥπτετο μηρῶν,",tlg4081.tlg001.perseus-grc2.xml
The Rape of Helen,tlg001,1,110,"ποιμενίη δʼ ἀπέκειτο, βοῶν ἐλάτειρα, καλαῦροψ,","ποιμενίη δ’ ἀπέκειτο, βοῶν ἐλάτειρα, καλαῦροψ,",tlg4081.tlg001.perseus-grc2.xml
The Rape of Helen,tlg001,1,111,"τοῖος ἐπεὶ σύριγγος, ἐς ἤθεα βαιὸν ὁδεύων,","τοῖος ἐπεὶ σύριγγος, ἐς ἤθεα βαιὸν ὁδεύων,",tlg4081.tlg001.perseus-grc2.xml
The Rape of Helen,tlg001,1,112,ἀγροτέρων καλάμων λιγυρὴν ἐδίωκεν ἀοιδήν·,ἀγροτέρων καλάμων λιγυρὴν ἐδίωκεν ἀοιδήν·,tlg4081.tlg001.perseus-grc2.xml
The Rape of Helen,tlg001,1,113,πολλάκι δʼ οἰοπόλοισιν ἐνὶ σταθμοῖσιν ἀείδων,πολλάκι δ’ οἰοπόλοισιν ἐνὶ σταθμοῖσιν ἀείδων,tlg4081.tlg001.perseus-grc2.xml
The Rape of Helen,tlg001,1,114,καὶ ταύρων ἀμέλησε καὶ οὐκ ἐμπάζετο μήλων·,καὶ ταύρων ἀμέλησε καὶ οὐκ ἐμπάζετο μήλων·,tlg4081.tlg001.perseus-grc2.xml
The Rape of Helen,tlg001,1,115,ἔνθεν ἔχων σύριγγα κατʼ ἤθεα καλὰ νομήων,ἔνθεν ἔχων σύριγγα κατ’ ἤθεα καλὰ νομήων,tlg4081.tlg001.perseus-grc2.xml
The Rape of Helen,tlg001,1,116,Πανὶ καὶ Ἑρμάωνι φίλην ἀνεβάλλετο μολπήν·,Πανὶ καὶ Ἑρμάωνι φίλην ἀνεβάλλετο μολπήν·,tlg4081.tlg001.perseus-grc2.xml
The Rape of Helen,tlg001,1,117,"οὐ κύνες ὠρύοντο καὶ οὐ μυκήσατο ταῦρος,","οὐ κύνες ὠρύοντο καὶ οὐ μυκήσατο ταῦρος,",tlg4081.tlg001.perseus-grc2.xml
The Rape of Helen,tlg001,1,118,"μούνη δʼ ἠνεμόεσσα, βοῆς ἀδίδακτος ἐοῦσα,","μούνη δ’ ἠνεμόεσσα, βοῆς ἀδίδακτος ἐοῦσα,",tlg4081.tlg001.perseus-grc2.xml
The Rape of Helen,tlg001,1,119,Ἰδαίων ὀρέων ἀντίθροος ἴαχεν Ἠχώ.,Ἰδαίων ὀρέων ἀντίθροος ἴαχεν Ἠχώ.,tlg4081.tlg001.perseus-grc2.xml
The Rape of Helen,tlg001,1,120,"ταῦροι δὲ χλοερῆς κεκορηότες ὑψόθι ποίης,","ταῦροι δὲ χλοερῆς κεκορηότες ὑψόθι ποίης,",tlg4081.tlg001.perseus-grc2.xml
The Rape of Helen,tlg001,1,121,κεκλιμένοι βαρύγουνον ἐπʼ ἰσχίον εὐνάζοντο.,κεκλιμένοι βαρύγουνον ἐπ’ ἰσχίον εὐνάζοντο.,tlg4081.tlg001.perseus-grc2.xml
The Rape of Helen,tlg001,1,122,ὣς ὁ μὲν ὑψορόφοιο φυτῶν ὑπένερθε καλύπτρης,ὣς ὁ μὲν ὑψορόφοιο φυτῶν ὑπένερθε καλύπτρης,tlg4081.tlg001.perseus-grc2.xml
The Rape of Helen,tlg001,1,123,τηλόθεν Ἑρμάωνα διάκτορον εἶδε λιγαίνων.,τηλόθεν Ἑρμάωνα διάκτορον εἶδε λιγαίνων.,tlg4081.tlg001.perseus-grc2.xml
The Rape of Helen,tlg001,1,124,"δειμαίνων δʼ ἀνόρουσε, θεῶν δʼ ἀλέεινεν ὀπωπήν·","δειμαίνων δ’ ἀνόρουσε, θεῶν δ’ ἀλέεινεν ὀπωπήν·",tlg4081.tlg001.perseus-grc2.xml
The Rape of Helen,tlg001,1,125,καὶ χορὸν εὐκελάδων δονάκων ἐπὶ φηγὸν ἐρείσας,καὶ χορὸν εὐκελάδων δονάκων ἐπὶ φηγὸν ἐρείσας,tlg4081.tlg001.perseus-grc2.xml
The Rape of Helen,tlg001,1,126,μήπω πολλὰ καμοῦσαν ἑὴν ἀνέκοπτεν ἀοιδήν.,μήπω πολλὰ καμοῦσαν ἑὴν ἀνέκοπτεν ἀοιδήν.,tlg4081.tlg001.perseus-grc2.xml
The Rape of Helen,tlg001,1,127,τοῖα δὲ δειμαίνοντα θέσκελος Ἑρμῆς·,τοῖα δὲ δειμαίνοντα θέσκελος Ἑρμῆς·,tlg4081.tlg001.perseus-grc2.xml
The Rape of Helen,tlg001,1,128,γαῦλον ἀπορρίψας καὶ πώεα καλὰ μεθήσας,γαῦλον ἀπορρίψας καὶ πώεα καλὰ μεθήσας,tlg4081.tlg001.perseus-grc2.xml
The Rape of Helen,tlg001,1,129,δεῦρο θεμιστεύσειας ἐπουρανίῃσι δικάζων·,δεῦρο θεμιστεύσειας ἐπουρανίῃσι δικάζων·,tlg4081.tlg001.perseus-grc2.xml
The Rape of Helen,tlg001,1,130,δεῦρο διακρίνων προφερέστερον εἶδος ὀπωπῆς,δεῦρο διακρίνων προφερέστερον εἶδος ὀπωπῆς,tlg4081.tlg001.perseus-grc2.xml
The Rape of Helen,tlg001,1,131,"φαιδροτέρῃ τόδε μῆλον, ἐπήρατον ἔρνος, ὀπάσσαις.","φαιδροτέρῃ τόδε μῆλον, ἐπήρατον ἔρνος, ὀπάσσαις.",tlg4081.tlg001.perseus-grc2.xml
The Rape of Helen,tlg001,1,132,τοῖον ἀνηΰτησεν· ὁ δʼ ἤπιον ὄμμα τανύσσας,τοῖον ἀνηΰτησεν· ὁ δ’ ἤπιον ὄμμα τανύσσας,tlg4081.tlg001.perseus-grc2.xml
The Rape of Helen,tlg001,1,133,ἦκα διακρίνειν πειρήσατο κάλλος ἑκάστης.,ἦκα διακρίνειν πειρήσατο κάλλος ἑκάστης.,tlg4081.tlg001.perseus-grc2.xml
The Rape of Helen,tlg001,1,134,"δέρκετο μὲν γλαυκῶν βλεφάρων σέλας, ἔδρακε δειρὴν","δέρκετο μὲν γλαυκῶν βλεφάρων σέλας, ἔδρακε δειρὴν",tlg4081.tlg001.perseus-grc2.xml
The Rape of Helen,tlg001,1,135,"χρυσῷ δαιδαλέην, ἐφράσσατο κόσμον ἑκάστης","χρυσῷ δαιδαλέην, ἐφράσσατο κόσμον ἑκάστης",tlg4081.tlg001.perseus-grc2.xml
The Rape of Helen,tlg001,1,136,καὶ πιέρνης μετόπισθε καὶ αὐτῶν ἴχνια ταρσῶν.,καὶ πιέρνης μετόπισθε καὶ αὐτῶν ἴχνια ταρσῶν.,tlg4081.tlg001.perseus-grc2.xml
The Rape of Helen,tlg001,1,137,χειρῶν μειδιόωντα δίκης προπάροιθεν ἑλοῦσα,χειρῶν μειδιόωντα δίκης προπάροιθεν ἑλοῦσα,tlg4081.tlg001.perseus-grc2.xml
The Rape of Helen,tlg001,1,138,τοῖον Ἀλεξάνδρῳ μυθήσατο μῦθον Ἀθήνη·,τοῖον Ἀλεξάνδρῳ μυθήσατο μῦθον Ἀθήνη·,tlg4081.tlg001.perseus-grc2.xml
The Rape of Helen,tlg001,1,139,"δεῦρο, τέκος Πριάμοιο, Διὸς παράκοιτιν ἐάσας","δεῦρο, τέκος Πριάμοιο, Διὸς παράκοιτιν ἐάσας",tlg4081.tlg001.perseus-grc2.xml
The Rape of Helen,tlg001,1,140,καὶ θαλάμων βασίλειαν ἀτιμήσας Ἀφροδίτην,καὶ θαλάμων βασίλειαν ἀτιμήσας Ἀφροδίτην,tlg4081.tlg001.perseus-grc2.xml
The Rape of Helen,tlg001,1,141,ἠνορέης ἐπίκουρον ἐπαινήσειας Ἀθήνην.,ἠνορέης ἐπίκουρον ἐπαινήσειας Ἀθήνην.,tlg4081.tlg001.perseus-grc2.xml
The Rape of Helen,tlg001,1,142,φασί σε κοιρανέειν καὶ Τρώιον ἄστυ φυλάσσειν·,φασί σε κοιρανέειν καὶ Τρώιον ἄστυ φυλάσσειν·,tlg4081.tlg001.perseus-grc2.xml
The Rape of Helen,tlg001,1,143,"δεῦρό σε τειρομένοισι σαόπτολιν ἀνδράσι θήσω,","δεῦρό σε τειρομένοισι σαόπτολιν ἀνδράσι θήσω,",tlg4081.tlg001.perseus-grc2.xml
The Rape of Helen,tlg001,1,144,μή ποτέ σοι βαρύμηνις ἐπιβρίσειεν Ἐνυώ.,μή ποτέ σοι βαρύμηνις ἐπιβρίσειεν Ἐνυώ.,tlg4081.tlg001.perseus-grc2.xml
The Rape of Helen,tlg001,1,145,"πείθεο, καὶ πολέμους τε καὶ ἠνορέην σε διδάξω.","πείθεο, καὶ πολέμους τε καὶ ἠνορέην σε διδάξω.",tlg4081.tlg001.perseus-grc2.xml
The Rape of Helen,tlg001,1,146,ὣς ἡ μὲν πολύμητις ἀνηΰτησεν Ἀθήνη.,ὣς ἡ μὲν πολύμητις ἀνηΰτησεν Ἀθήνη.,tlg4081.tlg001.perseus-grc2.xml
The Rape of Helen,tlg001,1,147,τοῖα δʼ ὑποβλήδην λευκώλενος ἔννεπεν Ἥρη·,τοῖα δ’ ὑποβλήδην λευκώλενος ἔννεπεν Ἥρη·,tlg4081.tlg001.perseus-grc2.xml
The Rape of Helen,tlg001,1,148,"εἴ με διακρίνων προφερέστερον ἔρνος ὀπάσσῃς,","εἴ με διακρίνων προφερέστερον ἔρνος ὀπάσσῃς,",tlg4081.tlg001.perseus-grc2.xml
The Rape of Helen,tlg001,1,149,πάσης ἡμετέρης Ἀσίης ἡγήτορα θήσω.,πάσης ἡμετέρης Ἀσίης ἡγήτορα θήσω.,tlg4081.tlg001.perseus-grc2.xml
The Rape of Helen,tlg001,1,150,ἔργα μόθων ἀθέριζε· τί γὰρ πολέμων βασιλῆι;,ἔργα μόθων ἀθέριζε· τί γὰρ πολέμων βασιλῆι;,tlg4081.tlg001.perseus-grc2.xml
The Rape of Helen,tlg001,1,151,κοίρανος ἰφθίμοισι καὶ ἀπτολέμοισι κελεύει.,κοίρανος ἰφθίμοισι καὶ ἀπτολέμοισι κελεύει.,tlg4081.tlg001.perseus-grc2.xml
The Rape of Helen,tlg001,1,152,οὐκ αἰεὶ θεράποντες ἀριστεύουσιν Ἀθήνης·,οὐκ αἰεὶ θεράποντες ἀριστεύουσιν Ἀθήνης·,tlg4081.tlg001.perseus-grc2.xml
The Rape of Helen,tlg001,1,153,ὠκύμοροι θνῄσκουσιν ὑποδρηστῆρες Ἐνυοῦς.,ὠκύμοροι θνῄσκουσιν ὑποδρηστῆρες Ἐνυοῦς.,tlg4081.tlg001.perseus-grc2.xml
The Rape of Helen,tlg001,1,154,τοίην κοιρανίην πρωτόθρονος ὤπασεν Ἥρη.,τοίην κοιρανίην πρωτόθρονος ὤπασεν Ἥρη.,tlg4081.tlg001.perseus-grc2.xml
The Rape of Helen,tlg001,1,155,"ἡ δʼ ἑανὸν βαθύκολπον, ἐς ἠέρα γυμνώσασα","ἡ δ’ ἑανὸν βαθύκολπον, ἐς ἠέρα γυμνώσασα",tlg4081.tlg001.perseus-grc2.xml
The Rape of Helen,tlg001,1,156,"κόλπον, ἀνῃώρησε καὶ οὐκ ᾐδέσσατο Κύπρις.","κόλπον, ἀνῃώρησε καὶ οὐκ ᾐδέσσατο Κύπρις.",tlg4081.tlg001.perseus-grc2.xml
The Rape of Helen,tlg001,1,157,χειρὶ δʼ ἐλαφρίζουσα μελίφρονα δεσμὸν ἐρώτων,χειρὶ δ’ ἐλαφρίζουσα μελίφρονα δεσμὸν ἐρώτων,tlg4081.tlg001.perseus-grc2.xml
The Rape of Helen,tlg001,1,158,στῆθος ἅπαν γύμνωσε καὶ οὐκ ἐμνήσατο μαζῶν.,στῆθος ἅπαν γύμνωσε καὶ οὐκ ἐμνήσατο μαζῶν.,tlg4081.tlg001.perseus-grc2.xml
The Rape of Helen,tlg001,1,159,τοῖα δὲ μειδιόωσα προσέννεπε μηλοβοτῆρα·,τοῖα δὲ μειδιόωσα προσέννεπε μηλοβοτῆρα·,tlg4081.tlg001.perseus-grc2.xml
The Rape of Helen,tlg001,1,160,"δέξό με καὶ πολέμων ἐπιλήθεο, δέχνυσο μορφὴν","δέξό με καὶ πολέμων ἐπιλήθεο, δέχνυσο μορφὴν",tlg4081.tlg001.perseus-grc2.xml
The Rape of Helen,tlg001,1,161,ἡμετέρην καὶ σκῆπτρα καὶ Ἀσίδα κάλλιπε γαῖαν.,ἡμετέρην καὶ σκῆπτρα καὶ Ἀσίδα κάλλιπε γαῖαν.,tlg4081.tlg001.perseus-grc2.xml
The Rape of Helen,tlg001,1,162,ἔργα μόθων οὐκ οἶδα· τί γὰρ σακέων Ἀφροδίτῃ;,ἔργα μόθων οὐκ οἶδα· τί γὰρ σακέων Ἀφροδίτῃ;,tlg4081.tlg001.perseus-grc2.xml
The Rape of Helen,tlg001,1,163,ἀγλαΐῃ πολὺ μᾶλλον ἀριστεύουσι γυναῖκες.,ἀγλαΐῃ πολὺ μᾶλλον ἀριστεύουσι γυναῖκες.,tlg4081.tlg001.perseus-grc2.xml
The Rape of Helen,tlg001,1,164,"ἀντὶ μὲν ἠνορέης ἐρατὴν παράκοιτιν ὀπάσσω,","ἀντὶ μὲν ἠνορέης ἐρατὴν παράκοιτιν ὀπάσσω,",tlg4081.tlg001.perseus-grc2.xml
The Rape of Helen,tlg001,1,165,ἀντὶ δὲ κοιρανίης Ἑλένης ἐπιβήσεο λέκτρων·,ἀντὶ δὲ κοιρανίης Ἑλένης ἐπιβήσεο λέκτρων·,tlg4081.tlg001.perseus-grc2.xml
The Rape of Helen,tlg001,1,166,νυμφίον ἀθρήσει σε μετὰ Τροίην Λακεδαίμων,νυμφίον ἀθρήσει σε μετὰ Τροίην Λακεδαίμων,tlg4081.tlg001.perseus-grc2.xml
The Rape of Helen,tlg001,1,167,"οὔπω μῦθος ἔληγεν, ὁ δʼ ἀγλαὸν ὤπασε μῆλον,","οὔπω μῦθος ἔληγεν, ὁ δ’ ἀγλαὸν ὤπασε μῆλον,",tlg4081.tlg001.perseus-grc2.xml
The Rape of Helen,tlg001,1,168,"ἀγλαΐης ἀνάθημα, μέγα κτέρας Ἀφρογενείῃ,","ἀγλαΐης ἀνάθημα, μέγα κτέρας Ἀφρογενείῃ,",tlg4081.tlg001.perseus-grc2.xml
The Rape of Helen,tlg001,1,169,"φυταλιὴν πολέμοιο, κακὴν πολέμοιο γενέθλην.","φυταλιὴν πολέμοιο, κακὴν πολέμοιο γενέθλην.",tlg4081.tlg001.perseus-grc2.xml
The Rape of Helen,tlg001,1,170,χειρὶ δὲ μῆλον ἔχουσα τόσην ἀνενείκατο φωνὴν,χειρὶ δὲ μῆλον ἔχουσα τόσην ἀνενείκατο φωνὴν,tlg4081.tlg001.perseus-grc2.xml
The Rape of Helen,tlg001,1,171,Ἥρην κερτομέουσα καὶ ἀντιάνειραν Ἀθήνην·,Ἥρην κερτομέουσα καὶ ἀντιάνειραν Ἀθήνην·,tlg4081.tlg001.perseus-grc2.xml
The Rape of Helen,tlg001,1,172,"εἴξατέ μοι πολέμοιο συνήθεες, εἴξατε νίκης.","εἴξατέ μοι πολέμοιο συνήθεες, εἴξατε νίκης.",tlg4081.tlg001.perseus-grc2.xml
The Rape of Helen,tlg001,1,173,"ἀγλαΐην ἐφίλησα, καὶ ἀγλαΐη με διώκει.","ἀγλαΐην ἐφίλησα, καὶ ἀγλαΐη με διώκει.",tlg4081.tlg001.perseus-grc2.xml
The Rape of Helen,tlg001,1,174,"φασί σε, μῆτερ Ἄρηος, ὑπʼ ὠδίνεσσιν ἀέξειν","φασί σε, μῆτερ Ἄρηος, ὑπ’ ὠδίνεσσιν ἀέξειν",tlg4081.tlg001.perseus-grc2.xml
The Rape of Helen,tlg001,1,175,ἠυκόμων Χαρίτων ἱερὸν χορόν· ἀλλά σε πᾶσαι,ἠυκόμων Χαρίτων ἱερὸν χορόν· ἀλλά σε πᾶσαι,tlg4081.tlg001.perseus-grc2.xml
The Rape of Helen,tlg001,1,176,"σήμερον ἠρνήσαντο, καὶ οὐ μίαν εὗρες ἀρωγόν.","σήμερον ἠρνήσαντο, καὶ οὐ μίαν εὗρες ἀρωγόν.",tlg4081.tlg001.perseus-grc2.xml
The Rape of Helen,tlg001,1,177,οὐ σακέων βασίλεια καὶ οὐ πυρός ἐσσι τιθήνη·,οὐ σακέων βασίλεια καὶ οὐ πυρός ἐσσι τιθήνη·,tlg4081.tlg001.perseus-grc2.xml
The Rape of Helen,tlg001,1,178,"οὔ σοι Ἄρης ἐπάρηξε, καὶ εἰ δορὶ μαίνεται Ἄρης,","οὔ σοι Ἄρης ἐπάρηξε, καὶ εἰ δορὶ μαίνεται Ἄρης,",tlg4081.tlg001.perseus-grc2.xml
The Rape of Helen,tlg001,1,179,"οὐ φλόγες Ἡφαίστοιο, καὶ εἰ φλογὸς ἆσθμα λοχεύει.","οὐ φλόγες Ἡφαίστοιο, καὶ εἰ φλογὸς ἆσθμα λοχεύει.",tlg4081.tlg001.perseus-grc2.xml
The Rape of Helen,tlg001,1,180,"οἶα δὲ κυδιάεις ἀνεμώλιος, Ἀτρυτώνη,","οἶα δὲ κυδιάεις ἀνεμώλιος, Ἀτρυτώνη,",tlg4081.tlg001.perseus-grc2.xml
The Rape of Helen,tlg001,1,181,"ἣν γάμος οὐκ ἔσπειρε καὶ οὐ μαιώσατο μήτηρ,","ἣν γάμος οὐκ ἔσπειρε καὶ οὐ μαιώσατο μήτηρ,",tlg4081.tlg001.perseus-grc2.xml
The Rape of Helen,tlg001,1,182,ἀλλὰ σιδηρείη σε τομὴ καὶ ῥίζα σιδήρου,ἀλλὰ σιδηρείη σε τομὴ καὶ ῥίζα σιδήρου,tlg4081.tlg001.perseus-grc2.xml
The Rape of Helen,tlg001,1,183,πατρῴων ἀλόχευτον ἀνεβλάστησε καρήνων.,πατρῴων ἀλόχευτον ἀνεβλάστησε καρήνων.,tlg4081.tlg001.perseus-grc2.xml
The Rape of Helen,tlg001,1,184,οἶα δὲ χαλκείοισι καλυψαμένη χρόα πέπλοις,οἶα δὲ χαλκείοισι καλυψαμένη χρόα πέπλοις,tlg4081.tlg001.perseus-grc2.xml
The Rape of Helen,tlg001,1,185,"καὶ φεύγεις φιλότητα καὶ Ἄρεος ἔργα διώκεις,","καὶ φεύγεις φιλότητα καὶ Ἄρεος ἔργα διώκεις,",tlg4081.tlg001.perseus-grc2.xml
The Rape of Helen,tlg001,1,186,"ἁρμονίης ἀδίδακτος, ὁμοφροσύνης ἀδαήμων.","ἁρμονίης ἀδίδακτος, ὁμοφροσύνης ἀδαήμων.",tlg4081.tlg001.perseus-grc2.xml
The Rape of Helen,tlg001,1,187,"ἀγνώσσεις, ὅτι μᾶλλον ἀνάλκιδές εἰσιν Ἀθῆναι","ἀγνώσσεις, ὅτι μᾶλλον ἀνάλκιδές εἰσιν Ἀθῆναι",tlg4081.tlg001.perseus-grc2.xml
The Rape of Helen,tlg001,1,188,"τοῖαι, κυδαλίμοισιν ἀγαλλόμεναι πολέμοισι,","τοῖαι, κυδαλίμοισιν ἀγαλλόμεναι πολέμοισι,",tlg4081.tlg001.perseus-grc2.xml
The Rape of Helen,tlg001,1,189,κεκριμένων μελέων οὔτʼ ἄρσενες οὔτε γυναῖκες;,κεκριμένων μελέων οὔτ’ ἄρσενες οὔτε γυναῖκες;,tlg4081.tlg001.perseus-grc2.xml
The Rape of Helen,tlg001,1,190,"τοῖον ἐφυβρίζουσα προσέννεπε Κύπρις Ἀθήνην,","τοῖον ἐφυβρίζουσα προσέννεπε Κύπρις Ἀθήνην,",tlg4081.tlg001.perseus-grc2.xml
The Rape of Helen,tlg001,1,191,ὣς ἡ μὲν πτολίπορθον ἀέθλιον ἔλλαχε μορφῆς,ὣς ἡ μὲν πτολίπορθον ἀέθλιον ἔλλαχε μορφῆς,tlg4081.tlg001.perseus-grc2.xml
The Rape of Helen,tlg001,1,192,Ἥρην ἐξελάσασα καὶ ἀσχαλόωσαν Ἀθήνην·,Ἥρην ἐξελάσασα καὶ ἀσχαλόωσαν Ἀθήνην·,tlg4081.tlg001.perseus-grc2.xml
The Rape of Helen,tlg001,1,193,"ἱμείρων δʼ ὑπʼ ἔρωτι καὶ ἣν οὐκ εἶδε διώκων,","ἱμείρων δ’ ὑπ’ ἔρωτι καὶ ἣν οὐκ εἶδε διώκων,",tlg4081.tlg001.perseus-grc2.xml
The Rape of Helen,tlg001,1,194,Δύσπαρις ἀθροίσας ἐπὶ δάσκιον ἤγαγεν ὕλην,Δύσπαρις ἀθροίσας ἐπὶ δάσκιον ἤγαγεν ὕλην,tlg4081.tlg001.perseus-grc2.xml
The Rape of Helen,tlg001,1,195,ἀνέρας ἐργοπόνοιο δαήμονας Ἀτρυτώνης.,ἀνέρας ἐργοπόνοιο δαήμονας Ἀτρυτώνης.,tlg4081.tlg001.perseus-grc2.xml
The Rape of Helen,tlg001,1,196,ἔνθα πολυπρέμνοιο δαϊζόμεναι δρύες Ἴδης,ἔνθα πολυπρέμνοιο δαϊζόμεναι δρύες Ἴδης,tlg4081.tlg001.perseus-grc2.xml
The Rape of Helen,tlg001,1,197,"ἤριπον ἀρχεκάκοιο περιφροσύνῃσι Φερέκλου,","ἤριπον ἀρχεκάκοιο περιφροσύνῃσι Φερέκλου,",tlg4081.tlg001.perseus-grc2.xml
The Rape of Helen,tlg001,1,198,ὅς τότε μαργαίνοντι χαριζόμενος βασιλῆι,ὅς τότε μαργαίνοντι χαριζόμενος βασιλῆι,tlg4081.tlg001.perseus-grc2.xml
The Rape of Helen,tlg001,1,199,νῆας Ἀλεξάνδρῳ δρυτόμῳ τεκτήνατο χαλκῷ.,νῆας Ἀλεξάνδρῳ δρυτόμῳ τεκτήνατο χαλκῷ.,tlg4081.tlg001.perseus-grc2.xml
The Rape of Helen,tlg001,1,200,"αὐτῆμαρ προβέβουλε καὶ αὐτῆμαρ κάμε νῆας,","αὐτῆμαρ προβέβουλε καὶ αὐτῆμαρ κάμε νῆας,",tlg4081.tlg001.perseus-grc2.xml
The Rape of Helen,tlg001,1,201,νῆας δʼ οὐκ ἐνόησε καὶ οὐκ ἤσκησεν Ἀθήνη.,νῆας δ’ οὐκ ἐνόησε καὶ οὐκ ἤσκησεν Ἀθήνη.,tlg4081.tlg001.perseus-grc2.xml
The Rape of Helen,tlg001,1,202,ἄρτι μὲν Ἰδαίων ὀρέων ἠλλάξατο πόντον,ἄρτι μὲν Ἰδαίων ὀρέων ἠλλάξατο πόντον,tlg4081.tlg001.perseus-grc2.xml
The Rape of Helen,tlg001,1,203,καὶ λεχέων ἐπίκουρον ἐφεσπομένην Ἀφροδίτην,καὶ λεχέων ἐπίκουρον ἐφεσπομένην Ἀφροδίτην,tlg4081.tlg001.perseus-grc2.xml
The Rape of Helen,tlg001,1,204,πολλάκις ἀκταίοισιν ἱλασσάμενος θυέεσσιν,πολλάκις ἀκταίοισιν ἱλασσάμενος θυέεσσιν,tlg4081.tlg001.perseus-grc2.xml
The Rape of Helen,tlg001,1,205,"ἔπλεεν Ἑλλήσποντον ἐπʼ εὐρέα νῶτα θαλάσσης,","ἔπλεεν Ἑλλήσποντον ἐπ’ εὐρέα νῶτα θαλάσσης,",tlg4081.tlg001.perseus-grc2.xml
The Rape of Helen,tlg001,1,206,τῷ δὲ πολυτλήτων σημήια φαίνετο μόχθων.,τῷ δὲ πολυτλήτων σημήια φαίνετο μόχθων.,tlg4081.tlg001.perseus-grc2.xml
The Rape of Helen,tlg001,1,207,κυανέη μὲν ὕπερθεν ἀναθρώσκουσα θάλασσα,κυανέη μὲν ὕπερθεν ἀναθρώσκουσα θάλασσα,tlg4081.tlg001.perseus-grc2.xml
The Rape of Helen,tlg001,1,208,οὐρανὸν ὀρφναίων ἑλίκων ἐζώσατο δεσμῷ,οὐρανὸν ὀρφναίων ἑλίκων ἐζώσατο δεσμῷ,tlg4081.tlg001.perseus-grc2.xml
The Rape of Helen,tlg001,1,209,"εἶθαρ ἀμιχθαλόεντος ἀπʼ ἠέρος ὄμβρον ἱεῖσα,","εἶθαρ ἀμιχθαλόεντος ἀπ’ ἠέρος ὄμβρον ἱεῖσα,",tlg4081.tlg001.perseus-grc2.xml
The Rape of Helen,tlg001,1,210,ἐκλύσθη δέ τε πόντος ἐρεσσομένων ἐρετάων.,ἐκλύσθη δέ τε πόντος ἐρεσσομένων ἐρετάων.,tlg4081.tlg001.perseus-grc2.xml
The Rape of Helen,tlg001,1,211,τόφρα δὲ Δαρδανίην καὶ Τρώιον οὖδας ἀμείψας,τόφρα δὲ Δαρδανίην καὶ Τρώιον οὖδας ἀμείψας,tlg4081.tlg001.perseus-grc2.xml
The Rape of Helen,tlg001,1,212,"Ἰσμαρίδος μεθέηκε παραπλώων στόμα λίμνης,","Ἰσμαρίδος μεθέηκε παραπλώων στόμα λίμνης,",tlg4081.tlg001.perseus-grc2.xml
The Rape of Helen,tlg001,1,213,αἶψα δὲ Θρηικίοιο μετʼ οὔρεα Παγγαίοιο,αἶψα δὲ Θρηικίοιο μετ’ οὔρεα Παγγαίοιο,tlg4081.tlg001.perseus-grc2.xml
The Rape of Helen,tlg001,1,214,Φυλλίδος ἀντέλλοντα φιλήνορος ἔδρακε τύμβον,Φυλλίδος ἀντέλλοντα φιλήνορος ἔδρακε τύμβον,tlg4081.tlg001.perseus-grc2.xml
The Rape of Helen,tlg001,1,215,"καὶ δρόμον ἐννεάκυκλον ἀλήμονος εἶδε κελεύθου,","καὶ δρόμον ἐννεάκυκλον ἀλήμονος εἶδε κελεύθου,",tlg4081.tlg001.perseus-grc2.xml
The Rape of Helen,tlg001,1,216,"ἔνθα διαστείχουσα κινύρεο, Φυλλίς, ἀκοίτην","ἔνθα διαστείχουσα κινύρεο, Φυλλίς, ἀκοίτην",tlg4081.tlg001.perseus-grc2.xml
The Rape of Helen,tlg001,1,217,"δεχνυμένη παλίνορσον ἀπήμονα Δημοφόωντα,","δεχνυμένη παλίνορσον ἀπήμονα Δημοφόωντα,",tlg4081.tlg001.perseus-grc2.xml
The Rape of Helen,tlg001,1,218,ὁππότε νοστήσειεν Ἀθηναίης ἀπὸ δήμων.,ὁππότε νοστήσειεν Ἀθηναίης ἀπὸ δήμων.,tlg4081.tlg001.perseus-grc2.xml
The Rape of Helen,tlg001,1,219,τῷ δὲ βαθυκλήροιο διὰ χθονὸς Αἱμονιήων,τῷ δὲ βαθυκλήροιο διὰ χθονὸς Αἱμονιήων,tlg4081.tlg001.perseus-grc2.xml
The Rape of Helen,tlg001,1,220,"ἐξαπίνης ἀνέτελλεν Ἀχαιίδος ἄνθεα γαίης,","ἐξαπίνης ἀνέτελλεν Ἀχαιίδος ἄνθεα γαίης,",tlg4081.tlg001.perseus-grc2.xml
The Rape of Helen,tlg001,1,221,Φθίη βωτιάνειρα καὶ εὐρυάγυια Μυκήνη.,Φθίη βωτιάνειρα καὶ εὐρυάγυια Μυκήνη.,tlg4081.tlg001.perseus-grc2.xml
The Rape of Helen,tlg001,1,222,ἔνθεν ἀνερχομένοιο παρʼ εἰαμενὰς Ἐρυμάνθου,ἔνθεν ἀνερχομένοιο παρ’ εἰαμενὰς Ἐρυμάνθου,tlg4081.tlg001.perseus-grc2.xml
The Rape of Helen,tlg001,1,223,"Σπάρτην καλλιγύναικα, φίλην πόλιν Ἀτρείωνος,","Σπάρτην καλλιγύναικα, φίλην πόλιν Ἀτρείωνος,",tlg4081.tlg001.perseus-grc2.xml
The Rape of Helen,tlg001,1,224,κεκλιμένην ἐνόησεν ἐπʼ Εὐρώταο ῥεέθροις.,κεκλιμένην ἐνόησεν ἐπ’ Εὐρώταο ῥεέθροις.,tlg4081.tlg001.perseus-grc2.xml
The Rape of Helen,tlg001,1,225,ἄγχι δὲ ναιομένην ὑπὸ δάσκιον οὔρεος ὕλην,ἄγχι δὲ ναιομένην ὑπὸ δάσκιον οὔρεος ὕλην,tlg4081.tlg001.perseus-grc2.xml
The Rape of Helen,tlg001,1,226,γείτονα παπταίνων ἐρατὴν θηεῖτο Θεράπνην.,γείτονα παπταίνων ἐρατὴν θηεῖτο Θεράπνην.,tlg4081.tlg001.perseus-grc2.xml
The Rape of Helen,tlg001,1,227,"οὔπω κεῖθεν ἔην δολιχὸς πλόος, οὐδέ γαλήνης","οὔπω κεῖθεν ἔην δολιχὸς πλόος, οὐδέ γαλήνης",tlg4081.tlg001.perseus-grc2.xml
The Rape of Helen,tlg001,1,228,"δηρὸν ἐρεσσομένων ἠκούετο δοῦπος ἐρετμῶν,","δηρὸν ἐρεσσομένων ἠκούετο δοῦπος ἐρετμῶν,",tlg4081.tlg001.perseus-grc2.xml
The Rape of Helen,tlg001,1,229,καὶ χθονὸς εὐκόλποισιν ἐπʼ ἠιόνεσσι βαλόντες,καὶ χθονὸς εὐκόλποισιν ἐπ’ ἠιόνεσσι βαλόντες,tlg4081.tlg001.perseus-grc2.xml
The Rape of Helen,tlg001,1,230,"πείσματα νηὸς ἔδησαν, ὅσοις ἁλὸς ἔργα μεμήλει.","πείσματα νηὸς ἔδησαν, ὅσοις ἁλὸς ἔργα μεμήλει.",tlg4081.tlg001.perseus-grc2.xml
The Rape of Helen,tlg001,1,231,αὐτὰρ ὁ χιονέοιο λοεσσάμενος ποταμοῖο,αὐτὰρ ὁ χιονέοιο λοεσσάμενος ποταμοῖο,tlg4081.tlg001.perseus-grc2.xml
The Rape of Helen,tlg001,1,232,"ᾤχετο φειδομένοισιν ἐπʼ ἴχνεσιν ἴχνος ἐρείδων,","ᾤχετο φειδομένοισιν ἐπ’ ἴχνεσιν ἴχνος ἐρείδων,",tlg4081.tlg001.perseus-grc2.xml
The Rape of Helen,tlg001,1,233,"μὴ πόδες ἱμερόεντες ὑποχραίνοιντο κονίης,","μὴ πόδες ἱμερόεντες ὑποχραίνοιντο κονίης,",tlg4081.tlg001.perseus-grc2.xml
The Rape of Helen,tlg001,1,234,μὴ πλοκάμων κυνέῃσιν ἐπιβρίσαντες ἐθείρας,μὴ πλοκάμων κυνέῃσιν ἐπιβρίσαντες ἐθείρας,tlg4081.tlg001.perseus-grc2.xml
The Rape of Helen,tlg001,1,235,ὀξύτερον σπεύδοντος ἀναστέλλοιεν ἀῆται.,ὀξύτερον σπεύδοντος ἀναστέλλοιεν ἀῆται.,tlg4081.tlg001.perseus-grc2.xml
The Rape of Helen,tlg001,1,236,ἄρτι μὲν αἰπύδμητα φιλοξείνων ναετήρων,ἄρτι μὲν αἰπύδμητα φιλοξείνων ναετήρων,tlg4081.tlg001.perseus-grc2.xml
The Rape of Helen,tlg001,1,237,δώματα παπταίνων καὶ γείτονας ἐγγύθι νηοὺς,δώματα παπταίνων καὶ γείτονας ἐγγύθι νηοὺς,tlg4081.tlg001.perseus-grc2.xml
The Rape of Helen,tlg001,1,238,"ἄστεος ἀγλαΐην διεμέτρεεν, ἔνθα μὲν αὐτῆς","ἄστεος ἀγλαΐην διεμέτρεεν, ἔνθα μὲν αὐτῆς",tlg4081.tlg001.perseus-grc2.xml
The Rape of Helen,tlg001,1,239,"χρύσεον ἐνδαπίης θηεύμενος εἶδος Ἀθήνης,","χρύσεον ἐνδαπίης θηεύμενος εἶδος Ἀθήνης,",tlg4081.tlg001.perseus-grc2.xml
The Rape of Helen,tlg001,1,240,ἔνθα δὲ Καρνείοιο φίλον κτέρας Ἀπόλλωνος,ἔνθα δὲ Καρνείοιο φίλον κτέρας Ἀπόλλωνος,tlg4081.tlg001.perseus-grc2.xml
The Rape of Helen,tlg001,1,241,"οἶκον Ἀμυκλαίοιο παραγνάμψας Ὑακίνθου,","οἶκον Ἀμυκλαίοιο παραγνάμψας Ὑακίνθου,",tlg4081.tlg001.perseus-grc2.xml
The Rape of Helen,tlg001,1,242,ὅν ποτε κουρίζοντα σὺν Ἀπόλλωνι νοήσας,ὅν ποτε κουρίζοντα σὺν Ἀπόλλωνι νοήσας,tlg4081.tlg001.perseus-grc2.xml
The Rape of Helen,tlg001,1,243,"δῆμος Ἀμυκλαίων ἠγάσσατο, μὴ Διὶ Λητὼ","δῆμος Ἀμυκλαίων ἠγάσσατο, μὴ Διὶ Λητὼ",tlg4081.tlg001.perseus-grc2.xml
The Rape of Helen,tlg001,1,244,κυσαμένη καὶ τοῦτον ἀνήγαγεν· αὐτὰρ Ἀπόλλων,κυσαμένη καὶ τοῦτον ἀνήγαγεν· αὐτὰρ Ἀπόλλων,tlg4081.tlg001.perseus-grc2.xml
The Rape of Helen,tlg001,1,245,οὐκ ἐκάη Ζεφύρῳ ζηλήμονι παῖδα φυλάσσων.,οὐκ ἐκάη Ζεφύρῳ ζηλήμονι παῖδα φυλάσσων.,tlg4081.tlg001.perseus-grc2.xml
The Rape of Helen,tlg001,1,246,γαῖα δὲ δακρύσαντι χαριζομένη βασιλῆι,γαῖα δὲ δακρύσαντι χαριζομένη βασιλῆι,tlg4081.tlg001.perseus-grc2.xml
The Rape of Helen,tlg001,1,247,"ἄνθος ἀνηέξησε, παραίφασιν Ἀπόλλωνος,","ἄνθος ἀνηέξησε, παραίφασιν Ἀπόλλωνος,",tlg4081.tlg001.perseus-grc2.xml
The Rape of Helen,tlg001,1,248,ἄνθος ἀριζήλοιο φερώνυμον ἡβητῆρος.,ἄνθος ἀριζήλοιο φερώνυμον ἡβητῆρος.,tlg4081.tlg001.perseus-grc2.xml
The Rape of Helen,tlg001,1,249,ἤδη δʼ ἀγχιδόμοισιν ἐπʼ Ἀτρείδαο μελάθροις,ἤδη δ’ ἀγχιδόμοισιν ἐπ’ Ἀτρείδαο μελάθροις,tlg4081.tlg001.perseus-grc2.xml
The Rape of Helen,tlg001,1,250,ἵστατο θεσπεσίῃσιν ἀγαλλόμενος χαρίτεσσιν.,ἵστατο θεσπεσίῃσιν ἀγαλλόμενος χαρίτεσσιν.,tlg4081.tlg001.perseus-grc2.xml
The Rape of Helen,tlg001,1,251,οὐ Διὶ τοῖον ἔτικτεν ἐπήρατον υἷα Θυώνη·,οὐ Διὶ τοῖον ἔτικτεν ἐπήρατον υἷα Θυώνη·,tlg4081.tlg001.perseus-grc2.xml
The Rape of Helen,tlg001,1,252,"ἱλήκοις, Διόνυσε· καὶ εἰ Διός ἐσσι γενέθλης,","ἱλήκοις, Διόνυσε· καὶ εἰ Διός ἐσσι γενέθλης,",tlg4081.tlg001.perseus-grc2.xml
The Rape of Helen,tlg001,1,253,καλὸς ἔην καὶ καὶ κεῖνος ἐπʼ ἀγλαΐῃσι προσώπων.,καλὸς ἔην καὶ καὶ κεῖνος ἐπ’ ἀγλαΐῃσι προσώπων.,tlg4081.tlg001.perseus-grc2.xml
The Rape of Helen,tlg001,1,254,ἡ δὲ φιλοξείνων θαλάμων κληῖδας ἀνεῖσα,ἡ δὲ φιλοξείνων θαλάμων κληῖδας ἀνεῖσα,tlg4081.tlg001.perseus-grc2.xml
The Rape of Helen,tlg001,1,255,ἐξαπίνης Ἑλένη μετεκίαθε δώματος αὐλὴν,ἐξαπίνης Ἑλένη μετεκίαθε δώματος αὐλὴν,tlg4081.tlg001.perseus-grc2.xml
The Rape of Helen,tlg001,1,256,καὶ θαλερῶν προπάροιθεν ὀπιπεύουσα θυράων,καὶ θαλερῶν προπάροιθεν ὀπιπεύουσα θυράων,tlg4081.tlg001.perseus-grc2.xml
The Rape of Helen,tlg001,1,257,"ὡς ἴδεν, ὣς ἐκάλεσσε καὶ ἐς μυχὸν ἤγαγεν οἴκου","ὡς ἴδεν, ὣς ἐκάλεσσε καὶ ἐς μυχὸν ἤγαγεν οἴκου",tlg4081.tlg001.perseus-grc2.xml
The Rape of Helen,tlg001,1,258,καί μιν ἐφεδρήσσειν νεοπηγέος ὑψόθεν ἕδρης,καί μιν ἐφεδρήσσειν νεοπηγέος ὑψόθεν ἕδρης,tlg4081.tlg001.perseus-grc2.xml
The Rape of Helen,tlg001,1,259,ἀργυρέης ἐπέτελλε· κόρον δʼ οὐκ εἶχεν ὀπωπῆς,ἀργυρέης ἐπέτελλε· κόρον δ’ οὐκ εἶχεν ὀπωπῆς,tlg4081.tlg001.perseus-grc2.xml
The Rape of Helen,tlg001,1,260,ἄλλοτε δὴ χρύσειον ὀισαμένη Κυθερείης,ἄλλοτε δὴ χρύσειον ὀισαμένη Κυθερείης,tlg4081.tlg001.perseus-grc2.xml
The Rape of Helen,tlg001,1,261,"κοῦρον ὀπιπεύειν θαλαμηπόλον—ὀψὲ δʼ ἀνέγνω,","κοῦρον ὀπιπεύειν θαλαμηπόλον—ὀψὲ δ’ ἀνέγνω,",tlg4081.tlg001.perseus-grc2.xml
The Rape of Helen,tlg001,1,262,ὡς οὐκ ἔστιν Ἔρως· βελέων δʼ οὐκ εἶδε φαρέτρην—,ὡς οὐκ ἔστιν Ἔρως· βελέων δ’ οὐκ εἶδε φαρέτρην—,tlg4081.tlg001.perseus-grc2.xml
The Rape of Helen,tlg001,1,263,πολλάκι δʼ ἀγλαΐῃσιν ἐυγλήνοισι προσώπων,πολλάκι δ’ ἀγλαΐῃσιν ἐυγλήνοισι προσώπων,tlg4081.tlg001.perseus-grc2.xml
The Rape of Helen,tlg001,1,264,παπταίνειν ἐδόκευε τὸν ἡμερίδων βασιλῆα·,παπταίνειν ἐδόκευε τὸν ἡμερίδων βασιλῆα·,tlg4081.tlg001.perseus-grc2.xml
The Rape of Helen,tlg001,1,265,ἀλλʼ οὐχ ἡμερίδων θαλερὴν ἐδόκευεν ὀπώρην,ἀλλ’ οὐχ ἡμερίδων θαλερὴν ἐδόκευεν ὀπώρην,tlg4081.tlg001.perseus-grc2.xml
The Rape of Helen,tlg001,1,266,πεπταμένην χαρίεντος ἐπὶ ξυνοχῇσι καρήνου.,πεπταμένην χαρίεντος ἐπὶ ξυνοχῇσι καρήνου.,tlg4081.tlg001.perseus-grc2.xml
The Rape of Helen,tlg001,1,267,ὀψὲ δὲ θαμβήσασα τόσην ἀνενείκατο φωνήν·,ὀψὲ δὲ θαμβήσασα τόσην ἀνενείκατο φωνήν·,tlg4081.tlg001.perseus-grc2.xml
The Rape of Helen,tlg001,1,268,"ξεῖνε, πόθεν τελέθεις; ἐρατὸν γένος εἰπὲ καὶ ἡμῖν.","ξεῖνε, πόθεν τελέθεις; ἐρατὸν γένος εἰπὲ καὶ ἡμῖν.",tlg4081.tlg001.perseus-grc2.xml
The Rape of Helen,tlg001,1,269,"ἀγλαΐην μὲν ἔοικας ἀριζήλῳ βασιλῆι,","ἀγλαΐην μὲν ἔοικας ἀριζήλῳ βασιλῆι,",tlg4081.tlg001.perseus-grc2.xml
The Rape of Helen,tlg001,1,270,ἀλλὰ τεὴν οὐκ οἶδα παρʼ Ἀργείοισι γενέθλην.,ἀλλὰ τεὴν οὐκ οἶδα παρ’ Ἀργείοισι γενέθλην.,tlg4081.tlg001.perseus-grc2.xml
The Rape of Helen,tlg001,1,271,πᾶσαν Δευκαλίωνος ἀμύμονος οἶδα γενέθλην·,πᾶσαν Δευκαλίωνος ἀμύμονος οἶδα γενέθλην·,tlg4081.tlg001.perseus-grc2.xml
The Rape of Helen,tlg001,1,272,"οὐ Πύλον ἠμαθόεσσαν ἔχεις, Νηλήιον οὖδας,","οὐ Πύλον ἠμαθόεσσαν ἔχεις, Νηλήιον οὖδας,",tlg4081.tlg001.perseus-grc2.xml
The Rape of Helen,tlg001,1,273,"—Ἀντίλοχον δεδάηκα, τεὴν δʼ οὐκ εἶδον ὀπωπὴν","—Ἀντίλοχον δεδάηκα, τεὴν δ’ οὐκ εἶδον ὀπωπὴν",tlg4081.tlg001.perseus-grc2.xml
The Rape of Helen,tlg001,1,274,"οὐ Φθίην χαρίεσσαν, ἀριστήων τροφὸν ἀνδρῶν·","οὐ Φθίην χαρίεσσαν, ἀριστήων τροφὸν ἀνδρῶν·",tlg4081.tlg001.perseus-grc2.xml
The Rape of Helen,tlg001,1,275,"οἶδα περικλήιστον ὅλον γένος Αἰακιδάων,","οἶδα περικλήιστον ὅλον γένος Αἰακιδάων,",tlg4081.tlg001.perseus-grc2.xml
The Rape of Helen,tlg001,1,276,"ἀγλαΐην Πηλῆος, ἐυκλείην Τελαμῶνος,","ἀγλαΐην Πηλῆος, ἐυκλείην Τελαμῶνος,",tlg4081.tlg001.perseus-grc2.xml
The Rape of Helen,tlg001,1,277,ἤθεα Πατρόκλοιο καὶ ἠνορέην Ἀχιλῆος.,ἤθεα Πατρόκλοιο καὶ ἠνορέην Ἀχιλῆος.,tlg4081.tlg001.perseus-grc2.xml
The Rape of Helen,tlg001,1,278,τοῖα Πάριν ποθέουσα λιγύθροος ἔννεπε νύμφη·,τοῖα Πάριν ποθέουσα λιγύθροος ἔννεπε νύμφη·,tlg4081.tlg001.perseus-grc2.xml
The Rape of Helen,tlg001,1,279,αὐτὰρ ὁ μειλιχίην ἠμείβετο γῆρυν ἀνοίξας·,αὐτὰρ ὁ μειλιχίην ἠμείβετο γῆρυν ἀνοίξας·,tlg4081.tlg001.perseus-grc2.xml
The Rape of Helen,tlg001,1,280,"εἴ τινά που Φρυγίης ἐνὶ πείρασι γαῖαν ἀκούεις,","εἴ τινά που Φρυγίης ἐνὶ πείρασι γαῖαν ἀκούεις,",tlg4081.tlg001.perseus-grc2.xml
The Rape of Helen,tlg001,1,281,"Ἴλιον, ἣν πύργωσε Ποσειδάων καὶ Ἀπόλλων·","Ἴλιον, ἣν πύργωσε Ποσειδάων καὶ Ἀπόλλων·",tlg4081.tlg001.perseus-grc2.xml
The Rape of Helen,tlg001,1,282,εἴ τινά που πολύολβον ἐνὶ Τροίῃ βασιλῆα,εἴ τινά που πολύολβον ἐνὶ Τροίῃ βασιλῆα,tlg4081.tlg001.perseus-grc2.xml
The Rape of Helen,tlg001,1,283,ἔκλυες εὐώδινος ἀπὸ Κρονίδαο γενέθλης·,ἔκλυες εὐώδινος ἀπὸ Κρονίδαο γενέθλης·,tlg4081.tlg001.perseus-grc2.xml
The Rape of Helen,tlg001,1,284,ἔνθεν ἀριστεύων ἐμφύλια πάντα διώκω.,ἔνθεν ἀριστεύων ἐμφύλια πάντα διώκω.,tlg4081.tlg001.perseus-grc2.xml
The Rape of Helen,tlg001,1,285,"εἰμί, γύναι, Πριάμοιο πολυχρύσου φίλος υἱός,","εἰμί, γύναι, Πριάμοιο πολυχρύσου φίλος υἱός,",tlg4081.tlg001.perseus-grc2.xml
The Rape of Helen,tlg001,1,286,"εἰμὶ δὲ Δαρδανίδης· ὁ δὲ Δάρδανος ἐκ Διὸς ἦεν,","εἰμὶ δὲ Δαρδανίδης· ὁ δὲ Δάρδανος ἐκ Διὸς ἦεν,",tlg4081.tlg001.perseus-grc2.xml
The Rape of Helen,tlg001,1,287,ᾧ καὶ ἀπʼ Οὐλύμποιο θεοὶ ξυνήονες ἀνδρῶν,ᾧ καὶ ἀπ’ Οὐλύμποιο θεοὶ ξυνήονες ἀνδρῶν,tlg4081.tlg001.perseus-grc2.xml
The Rape of Helen,tlg001,1,288,πολλάκι θητεύουσι καὶ ἀθάνατοί περ ἐόντες·,πολλάκι θητεύουσι καὶ ἀθάνατοί περ ἐόντες·,tlg4081.tlg001.perseus-grc2.xml
The Rape of Helen,tlg001,1,289,"ὧν ὁ μὲν ἡμετέρης δωμήσατο τείχεα πάτρης,","ὧν ὁ μὲν ἡμετέρης δωμήσατο τείχεα πάτρης,",tlg4081.tlg001.perseus-grc2.xml
The Rape of Helen,tlg001,1,290,"τείχεα μαρμαίροντα, Ποσειδάων καὶ Ἀπόλλων.","τείχεα μαρμαίροντα, Ποσειδάων καὶ Ἀπόλλων.",tlg4081.tlg001.perseus-grc2.xml
The Rape of Helen,tlg001,1,291,"αὐτὰρ ἐγώ, βασίλεια, δικασπόλος εἰμὶ θεάων·","αὐτὰρ ἐγώ, βασίλεια, δικασπόλος εἰμὶ θεάων·",tlg4081.tlg001.perseus-grc2.xml
The Rape of Helen,tlg001,1,292,καὶ γὰρ ἀκηχεμένῃσιν ἐπουρανίῃσι δικάζων,καὶ γὰρ ἀκηχεμένῃσιν ἐπουρανίῃσι δικάζων,tlg4081.tlg001.perseus-grc2.xml
The Rape of Helen,tlg001,1,293,"Κύπριδος ἀγλαΐην καὶ ἐπήρατον ᾔνεσα μορφήν,","Κύπριδος ἀγλαΐην καὶ ἐπήρατον ᾔνεσα μορφήν,",tlg4081.tlg001.perseus-grc2.xml
The Rape of Helen,tlg001,1,294,"ἡ δὲ περικλήιστον, ἐμῶν ἀντάξιον ἔργων,","ἡ δὲ περικλήιστον, ἐμῶν ἀντάξιον ἔργων,",tlg4081.tlg001.perseus-grc2.xml
The Rape of Helen,tlg001,1,295,"νύμφην ἱμερόεσσαν ἐμοὶ κατένευσεν ὀπάσσαι,","νύμφην ἱμερόεσσαν ἐμοὶ κατένευσεν ὀπάσσαι,",tlg4081.tlg001.perseus-grc2.xml
The Rape of Helen,tlg001,1,296,"ἣν Ἑλένην ἐνέπουσι, κασιγνήτην Ἀφροδίτης,","ἣν Ἑλένην ἐνέπουσι, κασιγνήτην Ἀφροδίτης,",tlg4081.tlg001.perseus-grc2.xml
The Rape of Helen,tlg001,1,297,ἧς ἕνεκεν τέτληκα καὶ οἴδματα τόσσα περῆσαι.,ἧς ἕνεκεν τέτληκα καὶ οἴδματα τόσσα περῆσαι.,tlg4081.tlg001.perseus-grc2.xml
The Rape of Helen,tlg001,1,298,"δεῦρο γάμον κεράσωμεν, ἐπεὶ Κυθέρεια κελεύει·","δεῦρο γάμον κεράσωμεν, ἐπεὶ Κυθέρεια κελεύει·",tlg4081.tlg001.perseus-grc2.xml
The Rape of Helen,tlg001,1,299,"μή με καταισχύνειας, ἐμὴν μὴ Κύπριν ἐλέγξῃς.","μή με καταισχύνειας, ἐμὴν μὴ Κύπριν ἐλέγξῃς.",tlg4081.tlg001.perseus-grc2.xml
The Rape of Helen,tlg001,1,300,οὐκ ἐρέω· τί δὲ τόσσον ἐπισταμένην σε διδάξω;,οὐκ ἐρέω· τί δὲ τόσσον ἐπισταμένην σε διδάξω;,tlg4081.tlg001.perseus-grc2.xml
The Rape of Helen,tlg001,1,301,"οἶσθα γάρ, ὡς Μενέλαος ἀνάλκιδός ἐστι γενέθλης·","οἶσθα γάρ, ὡς Μενέλαος ἀνάλκιδός ἐστι γενέθλης·",tlg4081.tlg001.perseus-grc2.xml
The Rape of Helen,tlg001,1,302,"οὐ τοῖαι γεγάασιν ἐν Ἀργείοισι γυναῖκες,","οὐ τοῖαι γεγάασιν ἐν Ἀργείοισι γυναῖκες,",tlg4081.tlg001.perseus-grc2.xml
The Rape of Helen,tlg001,1,303,καὶ γὰρ ἀκιδνοτέροισιν ἀεξόμεναι μελέεσσιν,καὶ γὰρ ἀκιδνοτέροισιν ἀεξόμεναι μελέεσσιν,tlg4081.tlg001.perseus-grc2.xml
The Rape of Helen,tlg001,1,304,"ἀνδρῶν εἶδος ἔχουσι, νόθοι δʼ ἐγένοντο γυναῖκες.","ἀνδρῶν εἶδος ἔχουσι, νόθοι δ’ ἐγένοντο γυναῖκες.",tlg4081.tlg001.perseus-grc2.xml
The Rape of Helen,tlg001,1,305,ἔννεπεν· ἡ δʼ ἐρόεσσαν ἐπὶ χθονὶ πῆξεν ὀπωπὴν,ἔννεπεν· ἡ δ’ ἐρόεσσαν ἐπὶ χθονὶ πῆξεν ὀπωπὴν,tlg4081.tlg001.perseus-grc2.xml
The Rape of Helen,tlg001,1,306,δηρὸν ἀμηχανέουσα καὶ οὐκ ἠμείβετο νύμφη.,δηρὸν ἀμηχανέουσα καὶ οὐκ ἠμείβετο νύμφη.,tlg4081.tlg001.perseus-grc2.xml
The Rape of Helen,tlg001,1,307,ὀψὲ δὲ θαμβήσασα τόσην ἀνενείκατο φωνήν·,ὀψὲ δὲ θαμβήσασα τόσην ἀνενείκατο φωνήν·,tlg4081.tlg001.perseus-grc2.xml
The Rape of Helen,tlg001,1,308,"ἀτρεκέως, ὦ ξεῖνε, τεῆς ποτε πυθμένα πάτρης","ἀτρεκέως, ὦ ξεῖνε, τεῆς ποτε πυθμένα πάτρης",tlg4081.tlg001.perseus-grc2.xml
The Rape of Helen,tlg001,1,309,τὸ πρὶν ἐδωμήσαντο Ποσειδάων καὶ Ἀπόλλων;,τὸ πρὶν ἐδωμήσαντο Ποσειδάων καὶ Ἀπόλλων;,tlg4081.tlg001.perseus-grc2.xml
The Rape of Helen,tlg001,1,310,ἤθελον ἀθανάτων δαιδάλματα κεῖνα νοῆσαι,ἤθελον ἀθανάτων δαιδάλματα κεῖνα νοῆσαι,tlg4081.tlg001.perseus-grc2.xml
The Rape of Helen,tlg001,1,311,"καὶ νομὸν οἰοπόλοιο λιγύπνοον Ἀπόλλωνος,","καὶ νομὸν οἰοπόλοιο λιγύπνοον Ἀπόλλωνος,",tlg4081.tlg001.perseus-grc2.xml
The Rape of Helen,tlg001,1,312,ἔνθα θεοδμήτοισι παρὰ προθύροισι πυλάων,ἔνθα θεοδμήτοισι παρὰ προθύροισι πυλάων,tlg4081.tlg001.perseus-grc2.xml
The Rape of Helen,tlg001,1,313,πολλάκις εἰλιπόδεσσιν ἐφέσπετο βουσὶν Ἀπόλλων.,πολλάκις εἰλιπόδεσσιν ἐφέσπετο βουσὶν Ἀπόλλων.,tlg4081.tlg001.perseus-grc2.xml
The Rape of Helen,tlg001,1,314,ἀγρέο νῆν Σπάρτηθεν ἐπὶ Τροίην με κομίζων.,ἀγρέο νῆν Σπάρτηθεν ἐπὶ Τροίην με κομίζων.,tlg4081.tlg001.perseus-grc2.xml
The Rape of Helen,tlg001,1,315,"ἕψομαι, ὡς Κυθέρεια γάμων βασίλεια κελεύει.","ἕψομαι, ὡς Κυθέρεια γάμων βασίλεια κελεύει.",tlg4081.tlg001.perseus-grc2.xml
The Rape of Helen,tlg001,1,316,"οὐ τρομέω Μενέλαον, ὅταν Τροίη με νοήσῃ·","οὐ τρομέω Μενέλαον, ὅταν Τροίη με νοήσῃ·",tlg4081.tlg001.perseus-grc2.xml
The Rape of Helen,tlg001,1,317,τοίην συνθεσίην καλλίσφυρος ἔννεπε νύμφη.,τοίην συνθεσίην καλλίσφυρος ἔννεπε νύμφη.,tlg4081.tlg001.perseus-grc2.xml
The Rape of Helen,tlg001,1,318,"νὺξ δέ, πόνων ἄμπαυμα μετʼ ἠελίοιο κελεύθους,","νὺξ δέ, πόνων ἄμπαυμα μετ’ ἠελίοιο κελεύθους,",tlg4081.tlg001.perseus-grc2.xml
The Rape of Helen,tlg001,1,319,"ὕπνον ἐλαφρίζουσα, παρήορον ὤπασεν ἠῶ","ὕπνον ἐλαφρίζουσα, παρήορον ὤπασεν ἠῶ",tlg4081.tlg001.perseus-grc2.xml
The Rape of Helen,tlg001,1,320,"ἀρχομένην· δοιὰς δὲ πύλας ὤιξεν ὀνείρων,","ἀρχομένην· δοιὰς δὲ πύλας ὤιξεν ὀνείρων,",tlg4081.tlg001.perseus-grc2.xml
The Rape of Helen,tlg001,1,321,τὴν μὲν ἀληθείης—κεράων ἀπελάμπετο κόσμος—,τὴν μὲν ἀληθείης—κεράων ἀπελάμπετο κόσμος—,tlg4081.tlg001.perseus-grc2.xml
The Rape of Helen,tlg001,1,322,"ἔνθεν ἀναθρῴσκουσι θεῶν νημερτέες ὀμφαί,","ἔνθεν ἀναθρῴσκουσι θεῶν νημερτέες ὀμφαί,",tlg4081.tlg001.perseus-grc2.xml
The Rape of Helen,tlg001,1,323,"τὴν δὲ δολοφροσύνης, κενεῶν θρέπτειραν ὀνείρων.","τὴν δὲ δολοφροσύνης, κενεῶν θρέπτειραν ὀνείρων.",tlg4081.tlg001.perseus-grc2.xml
The Rape of Helen,tlg001,1,324,αὐτὰρ ὁ ποντοπόρων Ἑλένην ἐπὶ σέλματα νηῶν,αὐτὰρ ὁ ποντοπόρων Ἑλένην ἐπὶ σέλματα νηῶν,tlg4081.tlg001.perseus-grc2.xml
The Rape of Helen,tlg001,1,325,"ἐκ θαλάμων ἐκόμισσε φιλοξείνου Μενελάου,","ἐκ θαλάμων ἐκόμισσε φιλοξείνου Μενελάου,",tlg4081.tlg001.perseus-grc2.xml
The Rape of Helen,tlg001,1,326,κυδιόων δʼ ὑπέροπλον ὑποσχεσίῃ Κυθερείης,κυδιόων δ’ ὑπέροπλον ὑποσχεσίῃ Κυθερείης,tlg4081.tlg001.perseus-grc2.xml
The Rape of Helen,tlg001,1,327,φόρτον ἄγων ἔσπευδεν ἐς Ἴλιον ἰωχμοῖο.,φόρτον ἄγων ἔσπευδεν ἐς Ἴλιον ἰωχμοῖο.,tlg4081.tlg001.perseus-grc2.xml
The Rape of Helen,tlg001,1,328,Ἑρμιόνη δʼ ἀνέμοισιν ἀπορρίψασα καλύπτρην,Ἑρμιόνη δ’ ἀνέμοισιν ἀπορρίψασα καλύπτρην,tlg4081.tlg001.perseus-grc2.xml
The Rape of Helen,tlg001,1,329,"ἱσταμένης πολύδακρυς ἀνέστενεν ἠριγενείης,","ἱσταμένης πολύδακρυς ἀνέστενεν ἠριγενείης,",tlg4081.tlg001.perseus-grc2.xml
The Rape of Helen,tlg001,1,330,"πολλάκι δʼ ἀμφιπόλους θαλάμων ἔκτοσθε λαβοῦσα,","πολλάκι δ’ ἀμφιπόλους θαλάμων ἔκτοσθε λαβοῦσα,",tlg4081.tlg001.perseus-grc2.xml
The Rape of Helen,tlg001,1,331,ὀξύτατον βοόωσα τόσην ἀνενείκατο φωνήν·,ὀξύτατον βοόωσα τόσην ἀνενείκατο φωνήν·,tlg4081.tlg001.perseus-grc2.xml
The Rape of Helen,tlg001,1,332,"παῖδες, πῆ με λιποῦσα πολύστονον ᾤχετο μήτηρ,","παῖδες, πῆ με λιποῦσα πολύστονον ᾤχετο μήτηρ,",tlg4081.tlg001.perseus-grc2.xml
The Rape of Helen,tlg001,1,333,ἣ χθιζόν σὺν ἐμοὶ θαλάμων κληῖδας ἑλοῦσα,ἣ χθιζόν σὺν ἐμοὶ θαλάμων κληῖδας ἑλοῦσα,tlg4081.tlg001.perseus-grc2.xml
The Rape of Helen,tlg001,1,334,ἔδραθεν ὑπνώουσα καὶ ἐς μίαν ἤλυθεν εὐνήν;,ἔδραθεν ὑπνώουσα καὶ ἐς μίαν ἤλυθεν εὐνήν;,tlg4081.tlg001.perseus-grc2.xml
The Rape of Helen,tlg001,1,335,"ἔννεπε δακρυχέουσα, συνωδύροντο δὲ παῖδες.","ἔννεπε δακρυχέουσα, συνωδύροντο δὲ παῖδες.",tlg4081.tlg001.perseus-grc2.xml
The Rape of Helen,tlg001,1,336,ἀγρόμεναι δʼ ἑκάτερθεν ἐπὶ προθύροισιν ἐρύκειν,ἀγρόμεναι δ’ ἑκάτερθεν ἐπὶ προθύροισιν ἐρύκειν,tlg4081.tlg001.perseus-grc2.xml
The Rape of Helen,tlg001,1,337,Ἑρμιόνην στενάχουσαν ἐπειρήσαντο γυναῖκες·,Ἑρμιόνην στενάχουσαν ἐπειρήσαντο γυναῖκες·,tlg4081.tlg001.perseus-grc2.xml
The Rape of Helen,tlg001,1,338,"τέκνον ὀδυρομένη, γόον εὔνασον. Ὤιετο μήτηρ,","τέκνον ὀδυρομένη, γόον εὔνασον. Ὤιετο μήτηρ,",tlg4081.tlg001.perseus-grc2.xml
The Rape of Helen,tlg001,1,339,νοστήσει παλίνορσος· ἔτι κλαίουσα νοήσεις.,νοστήσει παλίνορσος· ἔτι κλαίουσα νοήσεις.,tlg4081.tlg001.perseus-grc2.xml
The Rape of Helen,tlg001,1,340,"οὐχ ὁράᾳς; γοεραί μὲν ἐπιμύουσιν ὀπωπαί,","οὐχ ὁράᾳς; γοεραί μὲν ἐπιμύουσιν ὀπωπαί,",tlg4081.tlg001.perseus-grc2.xml
The Rape of Helen,tlg001,1,341,πυκνὰ δὲ μυρομένης θαλεραὶ μινύθουσι παρειαί.,πυκνὰ δὲ μυρομένης θαλεραὶ μινύθουσι παρειαί.,tlg4081.tlg001.perseus-grc2.xml
The Rape of Helen,tlg001,1,342,ἦ τάχα νυμφάων ἐς ὁμήγυριν ἀγρομενάων,ἦ τάχα νυμφάων ἐς ὁμήγυριν ἀγρομενάων,tlg4081.tlg001.perseus-grc2.xml
The Rape of Helen,tlg001,1,343,"ἤλυθεν, ἰθείης δὲ παραπλάζουσα κελεύθου","ἤλυθεν, ἰθείης δὲ παραπλάζουσα κελεύθου",tlg4081.tlg001.perseus-grc2.xml
The Rape of Helen,tlg001,1,344,"ἵσταται ἀσχαλόωσα, καὶ ἐς λειμῶνα μολοῦσα","ἵσταται ἀσχαλόωσα, καὶ ἐς λειμῶνα μολοῦσα",tlg4081.tlg001.perseus-grc2.xml
The Rape of Helen,tlg001,1,345,"ὡράων δροσόεντος ὑπὲρ πεδίοιο θαάσσει,","ὡράων δροσόεντος ὑπὲρ πεδίοιο θαάσσει,",tlg4081.tlg001.perseus-grc2.xml
The Rape of Helen,tlg001,1,346,ἢ χρόα πατρῴοιο λοεσσομένη ποταμοῖο,ἢ χρόα πατρῴοιο λοεσσομένη ποταμοῖο,tlg4081.tlg001.perseus-grc2.xml
The Rape of Helen,tlg001,1,347,ᾤχετο καὶ δήθυνεν ἐπʼ Εὐρώταο ῥεέθροις.,ᾤχετο καὶ δήθυνεν ἐπ’ Εὐρώταο ῥεέθροις.,tlg4081.tlg001.perseus-grc2.xml
The Rape of Helen,tlg001,1,348,τοῖα δὲ δακρύσασα πολύστονος ἔννεπε κούρη·,τοῖα δὲ δακρύσασα πολύστονος ἔννεπε κούρη·,tlg4081.tlg001.perseus-grc2.xml
The Rape of Helen,tlg001,1,349,"οἶδεν ὄρος, ποταμῶν ἐδάη ῥόον, οἶδε κελεύθους","οἶδεν ὄρος, ποταμῶν ἐδάη ῥόον, οἶδε κελεύθους",tlg4081.tlg001.perseus-grc2.xml
The Rape of Helen,tlg001,1,350,"ἐς ῥόδον, ἐς λειμῶνα· τί μοι φθέγγεσθε, γυναῖκες;","ἐς ῥόδον, ἐς λειμῶνα· τί μοι φθέγγεσθε, γυναῖκες;",tlg4081.tlg001.perseus-grc2.xml
The Rape of Helen,tlg001,1,351,"ἀστέρες ὑπνώουσι, καὶ ἐν σκοπέλοισιν ἰαύει·","ἀστέρες ὑπνώουσι, καὶ ἐν σκοπέλοισιν ἰαύει·",tlg4081.tlg001.perseus-grc2.xml
The Rape of Helen,tlg001,1,352,"ἀστέρες ἀντέλλουσι, καὶ οὐ παλίνορσος ἱκάνει.","ἀστέρες ἀντέλλουσι, καὶ οὐ παλίνορσος ἱκάνει.",tlg4081.tlg001.perseus-grc2.xml
The Rape of Helen,tlg001,1,353,"μῆτερ ἐμή, τίνα χῶρον ἔχεις; τίνα δʼ οὔρεα ναίεις;","μῆτερ ἐμή, τίνα χῶρον ἔχεις; τίνα δ’ οὔρεα ναίεις;",tlg4081.tlg001.perseus-grc2.xml
The Rape of Helen,tlg001,1,354,πλαζομένην θῆρές σε κατέκτανον; ἀλλὰ καὶ αὐτοὶ,πλαζομένην θῆρές σε κατέκτανον; ἀλλὰ καὶ αὐτοὶ,tlg4081.tlg001.perseus-grc2.xml
The Rape of Helen,tlg001,1,355,θῆρες ἀριζήλοιο Διὸς τρομέουσι γενέθλην,θῆρες ἀριζήλοιο Διὸς τρομέουσι γενέθλην,tlg4081.tlg001.perseus-grc2.xml
The Rape of Helen,tlg001,1,356,ἤριπες ἐξ ὀχέων χθαμαλῆς ἐπὶ νῶτα κονίης,ἤριπες ἐξ ὀχέων χθαμαλῆς ἐπὶ νῶτα κονίης,tlg4081.tlg001.perseus-grc2.xml
The Rape of Helen,tlg001,1,357,σὸν δέμας οἰοπόλοισιν ἐνὶ δρυμοῖσι λιποῦσα;,σὸν δέμας οἰοπόλοισιν ἐνὶ δρυμοῖσι λιποῦσα;,tlg4081.tlg001.perseus-grc2.xml
The Rape of Helen,tlg001,1,358,ἀλλὰ πολυπρέμνων ξυλόχων ὑπὸ δάσκιον ὕλην,ἀλλὰ πολυπρέμνων ξυλόχων ὑπὸ δάσκιον ὕλην,tlg4081.tlg001.perseus-grc2.xml
The Rape of Helen,tlg001,1,359,δένδρεα παπτήνασα καὶ αὐτῶν μέχρι πετήλων,δένδρεα παπτήνασα καὶ αὐτῶν μέχρι πετήλων,tlg4081.tlg001.perseus-grc2.xml
The Rape of Helen,tlg001,1,360,σὸν δέμας οὐκ ἐνόησα· καὶ οὐ νεμεσίζομαι ὕλῃ.,σὸν δέμας οὐκ ἐνόησα· καὶ οὐ νεμεσίζομαι ὕλῃ.,tlg4081.tlg001.perseus-grc2.xml
The Rape of Helen,tlg001,1,361,μὴ διεροῖς στονόεντος ἐπʼ Εὐρώταο ῥεέθροις,μὴ διεροῖς στονόεντος ἐπ’ Εὐρώταο ῥεέθροις,tlg4081.tlg001.perseus-grc2.xml
The Rape of Helen,tlg001,1,362,νηχομένην ἐκάλυψεν ὑποβρυχίην σε γαλήνη;,νηχομένην ἐκάλυψεν ὑποβρυχίην σε γαλήνη;,tlg4081.tlg001.perseus-grc2.xml
The Rape of Helen,tlg001,1,363,ἀλλὰ καὶ ἐν ποταμοῖσι καὶ ἐν πελάγεσσι θαλάσσης,ἀλλὰ καὶ ἐν ποταμοῖσι καὶ ἐν πελάγεσσι θαλάσσης,tlg4081.tlg001.perseus-grc2.xml
The Rape of Helen,tlg001,1,364,νηιάδες ζώουσι καὶ οὐ κτείνουσι γυναῖκας.,νηιάδες ζώουσι καὶ οὐ κτείνουσι γυναῖκας.,tlg4081.tlg001.perseus-grc2.xml
The Rape of Helen,tlg001,1,365,ὣς ἡ μὲν στενάχιζεν· ἀνακλίνουσα δὲ δειρὴν,ὣς ἡ μὲν στενάχιζεν· ἀνακλίνουσα δὲ δειρὴν,tlg4081.tlg001.perseus-grc2.xml
The Rape of Helen,tlg001,1,366,"ὕπνον ἔπνει, θανάτοιο συνέμπορον· ἦ γὰρ ἐτύχθη","ὕπνον ἔπνει, θανάτοιο συνέμπορον· ἦ γὰρ ἐτύχθη",tlg4081.tlg001.perseus-grc2.xml
The Rape of Helen,tlg001,1,367,ἄμφω ἀναγκαίη ξυνήια πάντα λαχόντε,ἄμφω ἀναγκαίη ξυνήια πάντα λαχόντε,tlg4081.tlg001.perseus-grc2.xml
The Rape of Helen,tlg001,1,368,ἔργα παλαιοτέροιο κασιγνήτοιο διώκειν.,ἔργα παλαιοτέροιο κασιγνήτοιο διώκειν.,tlg4081.tlg001.perseus-grc2.xml
The Rape of Helen,tlg001,1,369,ἔνθεν ἀκηχεμένοισι βαρυνόμεναι βλεφάροισι,ἔνθεν ἀκηχεμένοισι βαρυνόμεναι βλεφάροισι,tlg4081.tlg001.perseus-grc2.xml
The Rape of Helen,tlg001,1,370,"πολλάκις ὑπνώουσιν, ὅτε κλαίουσι, γυναῖκες.","πολλάκις ὑπνώουσιν, ὅτε κλαίουσι, γυναῖκες.",tlg4081.tlg001.perseus-grc2.xml
The Rape of Helen,tlg001,1,371,ἡ μὲν ἀλητεύουσα δολοφροσύνῃσιν ὀνείρων,ἡ μὲν ἀλητεύουσα δολοφροσύνῃσιν ὀνείρων,tlg4081.tlg001.perseus-grc2.xml
The Rape of Helen,tlg001,1,372,"μητέρα παπταίνειν ὠίσατο, τοῖα δὲ κούρη","μητέρα παπταίνειν ὠίσατο, τοῖα δὲ κούρη",tlg4081.tlg001.perseus-grc2.xml
The Rape of Helen,tlg001,1,373,ἴαχε θαμβήσασα καὶ ἀχνυμένη περ ἐοῦσα·,ἴαχε θαμβήσασα καὶ ἀχνυμένη περ ἐοῦσα·,tlg4081.tlg001.perseus-grc2.xml
The Rape of Helen,tlg001,1,374,χθιζὸν ὀδυρομένην με δόμων ἔκτοσθε φυγοῦσα,χθιζὸν ὀδυρομένην με δόμων ἔκτοσθε φυγοῦσα,tlg4081.tlg001.perseus-grc2.xml
The Rape of Helen,tlg001,1,375,κάλλιπες ὑπνώουσαν ὑπὲρ λεχέων γενετῆρος.,κάλλιπες ὑπνώουσαν ὑπὲρ λεχέων γενετῆρος.,tlg4081.tlg001.perseus-grc2.xml
The Rape of Helen,tlg001,1,376,ποῖον ὄρος μεθέηκα; τίνας προλέλοιπα κολώνας;,ποῖον ὄρος μεθέηκα; τίνας προλέλοιπα κολώνας;,tlg4081.tlg001.perseus-grc2.xml
The Rape of Helen,tlg001,1,377,οὕτω καλλικόμοιο μεθʼ ἁρμονίην Ἀφροδίτην Ἀφροδίτης;,οὕτω καλλικόμοιο μεθ’ ἁρμονίην Ἀφροδίτην Ἀφροδίτης;,tlg4081.tlg001.perseus-grc2.xml
The Rape of Helen,tlg001,1,378,τοῖα δὲ φωνήσασα προσέννεπε Τυνδαρεώνη·,τοῖα δὲ φωνήσασα προσέννεπε Τυνδαρεώνη·,tlg4081.tlg001.perseus-grc2.xml
The Rape of Helen,tlg001,1,379,"τέκνον ἀκηχεμένη, μὴ μέμφεο δεινὰ παθούσῃ·","τέκνον ἀκηχεμένη, μὴ μέμφεο δεινὰ παθούσῃ·",tlg4081.tlg001.perseus-grc2.xml
The Rape of Helen,tlg001,1,380,ὁ χθιζός με μολών ἀπατήλιος ἥρπασεν ἀνήρ.,ὁ χθιζός με μολών ἀπατήλιος ἥρπασεν ἀνήρ.,tlg4081.tlg001.perseus-grc2.xml
The Rape of Helen,tlg001,1,381,ἔννεπεν. ἡ δʼ ἀνόρουσε καὶ οὐχ ὁρόωσα τιθήνην,ἔννεπεν. ἡ δ’ ἀνόρουσε καὶ οὐχ ὁρόωσα τιθήνην,tlg4081.tlg001.perseus-grc2.xml
The Rape of Helen,tlg001,1,382,ὀξυτέρῃ πολὺ μᾶλλον ἀνεβρυχήσατο φωνῇ·,ὀξυτέρῃ πολὺ μᾶλλον ἀνεβρυχήσατο φωνῇ·,tlg4081.tlg001.perseus-grc2.xml
The Rape of Helen,tlg001,1,383,"ἠερίης, ὄρνιθες, ἐύπτερα τέκνα γενέθλης,","ἠερίης, ὄρνιθες, ἐύπτερα τέκνα γενέθλης,",tlg4081.tlg001.perseus-grc2.xml
The Rape of Helen,tlg001,1,384,εἴπατε νοστήσαντες ἐπὶ Κρήτην Μενελάῳ·,εἴπατε νοστήσαντες ἐπὶ Κρήτην Μενελάῳ·,tlg4081.tlg001.perseus-grc2.xml
The Rape of Helen,tlg001,1,385,χθιζὸν ἐπὶ Σπάρτην τις ἀνὴρ ἀθεμίστιος ἐλθὼν,χθιζὸν ἐπὶ Σπάρτην τις ἀνὴρ ἀθεμίστιος ἐλθὼν,tlg4081.tlg001.perseus-grc2.xml
The Rape of Helen,tlg001,1,386,ἀγλαΐην ξύμπασαν ἑῶν ἀλάπαξε μελάθρων.,ἀγλαΐην ξύμπασαν ἑῶν ἀλάπαξε μελάθρων.,tlg4081.tlg001.perseus-grc2.xml
The Rape of Helen,tlg001,1,387,"ὣς ἡ μὲν πολύδακρυς ἐς ἠέρα φωνήσασα,","ὣς ἡ μὲν πολύδακρυς ἐς ἠέρα φωνήσασα,",tlg4081.tlg001.perseus-grc2.xml
The Rape of Helen,tlg001,1,388,"μητέρα μαστεύουσα, μάτην ἐπλάζετο κούρη.","μητέρα μαστεύουσα, μάτην ἐπλάζετο κούρη.",tlg4081.tlg001.perseus-grc2.xml
The Rape of Helen,tlg001,1,389,καὶ Κικόνων πτολίεθρα καὶ Αἰολίδος πόρον Ἕλλης,καὶ Κικόνων πτολίεθρα καὶ Αἰολίδος πόρον Ἕλλης,tlg4081.tlg001.perseus-grc2.xml
The Rape of Helen,tlg001,1,390,Δαρδανίης λιμένεσσιν ὁ νυμφίος ἤγαγε νύμφην.,Δαρδανίης λιμένεσσιν ὁ νυμφίος ἤγαγε νύμφην.,tlg4081.tlg001.perseus-grc2.xml
The Rape of Helen,tlg001,1,391,"πυκνὰ δὲ τίλλε κόμην, χρυσέην δʼ ἔρριψε καλύπτρην","πυκνὰ δὲ τίλλε κόμην, χρυσέην δ’ ἔρριψε καλύπτρην",tlg4081.tlg001.perseus-grc2.xml
The Rape of Helen,tlg001,1,392,Κασσάνδρη νεόφοιτον ἀπʼ ἀκροπόληος ἰδοῦσα.,Κασσάνδρη νεόφοιτον ἀπ’ ἀκροπόληος ἰδοῦσα.,tlg4081.tlg001.perseus-grc2.xml
The Rape of Helen,tlg001,1,393,Τροίη δʼ ὑψιδόμων πυλέων κληῖδας ἀνεῖσα,Τροίη δ’ ὑψιδόμων πυλέων κληῖδας ἀνεῖσα,tlg4081.tlg001.perseus-grc2.xml
The Rape of Helen,tlg001,1,394,δέξατο νοστήσαντα τὸν ἀρχέκακον πολιήτην.,δέξατο νοστήσαντα τὸν ἀρχέκακον πολιήτην.,tlg4081.tlg001.perseus-grc2.xml
